,canonical,random
0,CC(=O)Nc1ccccc1,O=C(C)Nc1ccccc1
1,CC(=O)Nc1nnc(S(N)(=O)=O)s1,O=S(N)(=O)c1sc(NC(=O)C)nn1
2,C=C1/C(=C\C=C2/CCC[C@]3(C)[C@@H]2CC[C@H]3[C@@H](C)CCCC(C)C)C[C@H](O)C[C@H]1O,O[C@H]1C/C(=C/C=C2/[C@H]3CC[C@@H]([C@H](CCCC(C)C)C)[C@]3(C)CCC2)C(=C)[C@H](O)C1
3,Cc1c(N(C)C)c(=N)n(-c2ccccc2)n1C,c1ccc(-n2c(=N)c(N(C)C)c(C)n2C)cc1
4,COc1ccccc1OCCNC[C@@H](O)c1ccc(C)cc1S(N)(=O)=O,COc1ccccc1OCCNC[C@@H](O)c1ccc(C)cc1S(N)(=O)=O
5,CC(C)(C#N)c1cc(Cn2cncn2)cc(C(C)(C)C#N)c1,n1cn(Cc2cc(C(C)(C)C#N)cc(C(C)(C#N)C)c2)nc1
6,COc1ccc(CCN2CCC(Nc3nc4ccccc4n3Cc3ccc(F)cc3)CC2)cc1,c1c2c(n(Cc3ccc(F)cc3)c(NC3CCN(CCc4ccc(OC)cc4)CC3)n2)ccc1
7,CN1CCN(CCCCN2C(=O)CN(/N=C/c3ccc(-c4ccc(Cl)cc4)o3)C2=O)CC1,c1cc(-c2ccc(/C=N/N3CC(=O)N(CCCCN4CCN(C)CC4)C3=O)o2)ccc1Cl
8,NS(=O)(=O)c1cc2c(cc1C(F)(F)F)N[C@H](Cc1ccccc1)NS2(=O)=O,[C@@H]1(Cc2ccccc2)NS(=O)(=O)c2c(cc(C(F)(F)F)c(S(=O)(=O)N)c2)N1
9,CC(=O)Nc1ccc(OC(=O)c2ccccc2OC(C)=O)cc1,c1cc(NC(C)=O)ccc1OC(=O)c1ccccc1OC(=O)C
10,CC(C)COC[C@@H](CN1CCCC1)N(Cc1ccccc1)c1ccccc1,C1CN(C[C@@H](N(Cc2ccccc2)c2ccccc2)COCC(C)C)CC1
11,CC(C)(Oc1ccc(CCNC(=O)c2ccccc2)cc1)C(=O)O,O=C(C(Oc1ccc(CCNC(=O)c2ccccc2)cc1)(C)C)O
12,O[C@](CCN1CCCCC1)(c1ccccc1)[C@@H]1C[C@H]2C=C[C@H]1C2,C1CCCCN1CC[C@@](O)(c1ccccc1)[C@H]1[C@@H]2C[C@@H](C1)C=C2
13,CCN(CC)CCCOC(=O)[C@@]1(c2ccccc2)C[C@@H]2CC[C@@H]1C2,c1cc([C@@]2(C(=O)OCCCN(CC)CC)[C@@H]3CC[C@H](C3)C2)ccc1
14,CCC[C@@H]1O[C@@H]2C[C@@H]3[C@@H]4CCC5=CC(=O)C=C[C@]5(C)[C@@H]4[C@@H](O)C[C@]3(C)[C@]2(C(=O)CO)O1,[C@@H]1(O)[C@@H]2[C@H]([C@@H]3[C@](C)(C1)[C@@]1(C(CO)=O)[C@@H](C3)O[C@@H](CCC)O1)CCC1=CC(=O)C=C[C@]21C
15,CN(C)C(=O)O[C@@H]1N=C(c2ccccc2)c2cc(Cl)ccc2N(C)C1=O,O([C@H]1C(=O)N(C)c2c(cc(Cl)cc2)C(c2ccccc2)=N1)C(=O)N(C)C
16,NC(=O)N1c2ccccc2C=Cc2ccccc21,C1=Cc2ccccc2N(C(=O)N)c2ccccc21
17,O=NN(CCCl)C(=O)NCCCl,C(N(N=O)C(=O)NCCCl)CCl
18,OC(O)C(Cl)(Cl)Cl,ClC(Cl)(C(O)O)Cl
19,CCN(CC)CCCCN(C)c1ccnc2cc(Cl)ccc12,c1(Cl)cc2nccc(N(CCCCN(CC)CC)C)c2cc1
20,OC[C@H](O)COc1ccc(Cl)cc1,C(Oc1ccc(Cl)cc1)[C@@H](O)CO
21,CCC#CC[C@H](C)[C@@H](O)C#C[C@@H]1[C@H]2C/C(=C\COCC(=O)O)C[C@@H]2C[C@@H]1O,C1/C(=C\COCC(=O)O)C[C@@H]2C[C@H](O)[C@H](C#C[C@@H]([C@@H](C)CC#CCC)O)[C@@H]12
22,COc1ccc([C@]2(C#N)CC[C@H](C(=O)O)CC2)cc1OC1CCCC1,C1[C@H](C(O)=O)CC[C@](C#N)(c2cc(OC3CCCC3)c(OC)cc2)C1
23,CN(C)CCC[C@@]1(c2ccc(F)cc2)OCc2cc(C#N)ccc21,c1c(C#N)cc2c(c1)[C@](CCCN(C)C)(c1ccc(F)cc1)OC2
24,C[C@@]12C[C@@H](O)[C@@H]3[C@H](CCC4=CC(=O)CC[C@]43C)[C@H]1CC[C@@H]2C(=O)CO,[C@@H]1(C(=O)CO)[C@]2(C)C[C@@H](O)[C@@H]3[C@H](CCC4=CC(=O)CC[C@@]34C)[C@H]2CC1
25,O=c1ccc2ccccc2o1,c1cc2c(ccc(=O)o2)cc1
26,NS(=O)(=O)c1cc2c(cc1Cl)N[C@H](CN1CCCC1)NS2(=O)=O,c12c(cc(Cl)c(S(N)(=O)=O)c1)N[C@H](CN1CCCC1)NS2(=O)=O
27,CC(=O)Oc1ccc2c3c1O[C@H]1[C@H](OC(C)=O)C=C[C@H]4[C@H](C2)N(C)CCC[C@@]341,[C@H]12[C@H](OC(C)=O)C=C[C@H]3[C@@H]4Cc5ccc(OC(C)=O)c(c5[C@@]13CCCN4C)O2
28,CCN(CC)CCOC(=O)C1(C2CCCCC2)CCCCC1,C(C)N(CC)CCOC(=O)C1(C2CCCCC2)CCCCC1
29,CN(CCOc1ccc(NS(C)(=O)=O)cc1)CCc1ccc(NS(C)(=O)=O)cc1,N(S(=O)(=O)C)c1ccc(OCCN(C)CCc2ccc(NS(C)(=O)=O)cc2)cc1
30,COc1cc2nc(N3CCN(C(=O)[C@@H]4COc5ccccc5O4)CC3)nc(N)c2cc1OC,C1N(C([C@H]2Oc3ccccc3OC2)=O)CCN(c2nc(N)c3c(cc(OC)c(OC)c3)n2)C1
31,CN1C[C@@H](C(=O)N[C@]2(C)O[C@@]3(O)[C@@H]4CCCN4C(=O)[C@@H](Cc4ccccc4)N3C2=O)C=C2c3cccc4[nH]cc(c34)C[C@@H]21,c1cccc(C[C@@H]2C(=O)N3[C@H]([C@@]4(O)N2C(=O)[C@@](NC([C@@H]2CN(C)[C@H]5Cc6c[nH]c7c6c(ccc7)C5=C2)=O)(C)O4)CCC3)c1
32,C#C[C@@]1(O)CC[C@@H]2[C@@H]3CCc4cc(O)ccc4[C@@H]3CC[C@@]21C,C1c2c(ccc(O)c2)[C@@H]2CC[C@@]3(C)[C@@H]([C@@H]2C1)CC[C@@]3(C#C)O
33,CCO,OCC
34,C#C[C@@]1(OC(C)=O)CC[C@@H]2[C@@H]3CCC4=C[C@@H](OC(C)=O)CC[C@@H]4[C@@H]3CC[C@@]21C,C[C@@]12[C@@](OC(C)=O)(C#C)CC[C@@H]1[C@H]1[C@@H](CC2)[C@H]2CC[C@H](OC(C)=O)C=C2CC1
35,O=C(O)Cc1ccccc1Oc1ccc(Cl)cc1Cl,c1cc(CC(O)=O)c(Oc2c(Cl)cc(Cl)cc2)cc1
36,CC(C)(C)NC(=O)[C@@H]1CC[C@@H]2[C@@H]3CC[C@@H]4NC(=O)C=C[C@@]4(C)[C@@H]3CC[C@]21C,C1=C[C@]2(C)[C@@H](NC1=O)CC[C@H]1[C@@H]3[C@](C)([C@H](C(=O)NC(C)(C)C)CC3)CC[C@@H]21
37,Nc1nc(=O)[nH]cc1F,Nc1c(F)c[nH]c(=O)n1
38,OCCN1CCN(CC/C=C2\c3ccccc3Sc3ccc(C(F)(F)F)cc32)CC1,C(CN1CCN(CCO)CC1)/C=C1/c2cc(C(F)(F)F)ccc2Sc2ccccc21
39,CC(C)n1c(/C=C/[C@H](O)C[C@@H](O)CC(=O)O)c(-c2ccc(F)cc2)c2ccccc21,c1ccc2c(n(C(C)C)c(/C=C/[C@H](O)C[C@@H](O)CC(O)=O)c2-c2ccc(F)cc2)c1
40,CC(=O)O[C@H]1C[C@@]2(C)[C@@H](C[C@@H](O)[C@@H]3[C@]4(C)CC[C@@H](O)[C@@H](C)[C@@H]4CC[C@]32C)/C1=C(/CCC=C(C)C)C(=O)O,[C@]12(C)[C@H]([C@H](C)[C@H](O)CC1)CC[C@@]1(C)[C@@]3(C)C[C@H](OC(=O)C)/C(=C(\CCC=C(C)C)C(=O)O)[C@@H]3C[C@@H](O)[C@H]21
41,Cc1ccc(C)c(OCCCC(C)(C)C(=O)O)c1,Cc1c(OCCCC(C)(C(=O)O)C)cc(C)cc1
42,C[C@@H]([C@](O)(Cn1cncn1)c1ccc(F)cc1F)S(C)(=O)=O,O[C@]([C@@H](S(=O)(=O)C)C)(c1ccc(F)cc1F)Cn1ncnc1
43,CCC1=C(C)CN(C(=O)NCCc2ccc(S(=O)(=O)NC(=O)N[C@H]3CC[C@H](C)CC3)cc2)C1=O,c1c(CCNC(=O)N2C(=O)C(CC)=C(C)C2)ccc(S(=O)(=O)NC(=O)N[C@H]2CC[C@H](C)CC2)c1
44,Cc1cnc(C(=O)NCCc2ccc(S(=O)(=O)NC(=O)NC3CCCCC3)cc2)cn1,O=C(c1ncc(C)nc1)NCCc1ccc(S(=O)(NC(=O)NC2CCCCC2)=O)cc1
45,NCC(=O)O,C(N)C(O)=O
46,CN1[C@@H]2CCC[C@H]1C[C@@H](NC(=O)c1nn(C)c3ccccc13)C2,C1C[C@@H]2C[C@H](NC(c3nn(C)c4c3cccc4)=O)C[C@H](C1)N2C
47,O=C(CCCN1CCC(O)(c2cccc(Cl)c2)CC1)c1ccc(F)cc1,c1(F)ccc(C(=O)CCCN2CCC(O)(c3cc(Cl)ccc3)CC2)cc1
48,NNc1nncc2ccccc12,c1ccc2cnnc(NN)c2c1
49,CC[C@@H](C(=O)O)c1ccc(N2Cc3ccccc3C2=O)cc1,c1c(N2Cc3c(cccc3)C2=O)ccc([C@H](C(O)=O)CC)c1
50,COc1ccc2c(c1)c(CC(=O)O)cn2C(=O)c1ccccc1,OC(Cc1cn(C(c2ccccc2)=O)c2ccc(OC)cc12)=O
51,CCCCC1=NC2(CCCC2)C(=O)N1Cc1ccc(-c2ccccc2-c2nn[nH]n2)cc1,N1=C(CCCC)N(Cc2ccc(-c3c(-c4nn[nH]n4)cccc3)cc2)C(=O)C12CCCC2
52,O=[N+]([O-])O[C@H]1CO[C@H]2[C@H]1OC[C@H]2O,[N+](O[C@H]1CO[C@@H]2[C@H](O)CO[C@H]21)(=O)[O-]
53,Cc1cc(NC(=O)C2=C(O)c3ccccc3S(=O)(=O)[C@@H]2C)no1,C1(O)=C(C(=O)Nc2noc(C)c2)[C@@H](C)S(=O)(=O)c2c1cccc2
54,O=C(c1ccc(F)cc1)C1CCN(CCn2c(=O)[nH]c3ccccc3c2=O)CC1,c1ccc2[nH]c(=O)n(CCN3CCC(C(=O)c4ccc(F)cc4)CC3)c(=O)c2c1
55,N#Cc1ccc(C(c2ccc(C#N)cc2)n2cncn2)cc1,c1cc(C(n2ncnc2)c2ccc(C#N)cc2)ccc1C#N
56,CC[C@@H](C(N)=O)N1CCCC1=O,NC([C@H](CC)N1CCCC1=O)=O
57,CC(C)(C)NC[C@H](O)COc1cccc2c1CCCC2=O,CC(C)(C)NC[C@@H](COc1cccc2c1CCCC2=O)O
58,C#C[C@@]1(O)CC[C@@H]2[C@@H]3CCC4=CC(=O)CC[C@@H]4[C@@H]3CC[C@@]21CC,[C@H]12CCC(=O)C=C1CC[C@H]1[C@@H]3[C@@](CC)([C@@](O)(C#C)CC3)CC[C@@H]21
59,CCN(CC)C(=O)N[C@H]1C=C2c3cccc4[nH]cc(c34)C[C@@H]2N(C)C1,N([C@H]1C=C2c3cccc4c3c(c[nH]4)C[C@@H]2N(C)C1)C(=O)N(CC)CC
60,CN1C(=O)[C@@H](O)N=C(c2ccccc2Cl)c2cc(Cl)ccc21,[C@H]1(O)N=C(c2ccccc2Cl)c2cc(Cl)ccc2N(C)C1=O
61,CN1C(C(=O)Nc2ccccn2)=C(O)c2sc(Cl)cc2S1(=O)=O,C1(C(Nc2ncccc2)=O)=C(O)c2sc(Cl)cc2S(=O)(=O)N1C
62,C#C[C@@]1(O)CC[C@@H]2[C@@H]3CCC4=CCCC[C@@H]4[C@@H]3CC[C@@]21C,[C@]12(C)[C@H](CC[C@]1(O)C#C)[C@@H]1CCC3=CCCC[C@@H]3[C@@H]1CC2
63,Cc1ccc(Cl)c(Nc2ccccc2C(=O)O)c1Cl,c1cc(Cl)c(Nc2ccccc2C(=O)O)c(Cl)c1C
64,CC(=O)O[C@]1(C(C)=O)CC[C@@H]2[C@H]3C=C(C)C4=CC(=O)CC[C@@]4(C)[C@H]3CC[C@]21C,C12=CC(=O)CC[C@@]1(C)[C@@H]1[C@H](C=C2C)[C@H]2CC[C@@](C(=O)C)(OC(C)=O)[C@]2(C)CC1
65,CCOC(=O)C1(c2ccccc2)CCN(C)CC1,C1C(c2ccccc2)(C(OCC)=O)CCN(C)C1
66,CC[C@]1(c2cccc(O)c2)CCCCN(C)C1,c1c(O)cc([C@]2(CC)CN(C)CCCC2)cc1
67,CN1C(=O)C[C@@](C)(c2ccccc2)C1=O,C[C@@]1(c2ccccc2)CC(=O)N(C)C1=O
68,CC[C@H](CO)NC(=O)[C@H]1C=C2c3cccc4[nH]cc(c34)C[C@@H]2N(C)C1,c12c3c(cccc3C3=C[C@H](C(=O)N[C@H](CC)CO)CN(C)[C@H]3C1)[nH]c2
69,CC[C@H](CO)NC(=O)[C@H]1C=C2c3cccc4c3c(cn4C)C[C@@H]2N(C)C1,C12=C[C@H](C(N[C@H](CC)CO)=O)CN(C)[C@H]1Cc1c3c2cccc3n(C)c1
70,Cc1ncc2n1-c1ccc(Cl)cc1C(c1ccccc1F)=NC2,c1nc(C)n2c1CN=C(c1c(F)cccc1)c1c-2ccc(Cl)c1
71,Oc1ccc2c3c1O[C@@H]1[C@@H](O)CC[C@]4(O)[C@@H](C2)N(CC2CCC2)CC[C@@]314,c12c3c(ccc1O)C[C@@H]1[C@]4(O)[C@@]3(CCN1CC1CCC1)[C@@H]([C@@H](O)CC4)O2
72,CCc1nn(CCCN2CCN(c3cccc(Cl)c3)CC2)c(=O)n1CCOc1ccccc1,c1(Cl)cc(N2CCN(CCCn3nc(CC)n(CCOc4ccccc4)c3=O)CC2)ccc1
73,O=C(NCCO[N+](=O)[O-])c1cccnc1,c1c(C(NCCO[N+](=O)[O-])=O)cncc1
74,CN1CCC[C@@H]1c1cccnc1,n1cc([C@@H]2N(C)CCC2)ccc1
75,COC(=O)C1=C(C#N)NC(C)=C(C(=O)OC(C)C)[C@H]1c1cccc([N+](=O)[O-])c1,C(OC(C)C)(=O)C1=C(C)NC(C#N)=C(C(=O)OC)[C@@H]1c1cc([N+](=O)[O-])ccc1
76,O=[N+]([O-])c1ccc(O)c2ncccc12,c1cc2c([N+]([O-])=O)ccc(O)c2nc1
77,C#C[C@@]1(O)CC[C@@H]2[C@@H]3CCC4=CC(=O)CC[C@@H]4[C@@H]3CC[C@@]21C,C1(=O)CC[C@H]2C(=C1)CC[C@H]1[C@@H]3[C@@](C)([C@@](O)(C#C)CC3)CC[C@@H]21
78,C#C[C@@]1(OC(C)=O)CC[C@@H]2[C@@H]3CCC4=CC(=NO)CC[C@@H]4[C@@H]3CC[C@@]21CC,O=C(O[C@]1(C#C)CC[C@@H]2[C@@H]3CCC4=CC(=NO)CC[C@@H]4[C@@H]3CC[C@]12CC)C
79,CNCCC=C1c2ccccc2CCc2ccccc21,c1cc2c(cc1)C(=CCCNC)c1c(cccc1)CC2
80,C[C@H]1COc2c(N3CCN(C)CC3)c(F)cc3c(=O)c(C(=O)O)cn1c23,C[C@H]1COc2c(N3CCN(C)CC3)c(F)cc3c(=O)c(C(O)=O)cn1c23
81,Cn1c2c(c3ccccc31)C(=O)[C@@H](Cn1ccnc1)CC2,Cn1c2c(c3ccccc31)C(=O)[C@@H](Cn1cncc1)CC2
82,Cc1ccccc1[C@@H](OCCN(C)C)c1ccccc1,C(CN(C)C)O[C@@H](c1ccccc1)c1c(C)cccc1
83,N=C1Cc2ccccc2N(C(N)=O)c2ccccc21,N=C1Cc2c(cccc2)N(C(N)=O)c2c1cccc2
84,CCN(CC)CC#CCOC(=O)[C@](O)(c1ccccc1)C1CCCCC1,C(C#CCN(CC)CC)OC(=O)[C@@](C1CCCCC1)(c1ccccc1)O
85,CCCC[C@@H]1C(=O)N(c2ccccc2)N(c2ccc(O)cc2)C1=O,[C@H]1(CCCC)C(=O)N(c2ccc(O)cc2)N(c2ccccc2)C1=O
86,Fc1ccc([C@H]2CCNC[C@@H]2COc2ccc3c(c2)OCO3)cc1,c1([C@@H]2[C@@H](COc3ccc4c(c3)OCO4)CNCC2)ccc(F)cc1
87,CCC[C@H](C)C1(CC)C(=O)NC(=O)NC1=O,O=C1NC(=O)NC(=O)C1([C@@H](C)CCC)CC
88,OCCN1CCN(CCCN2c3ccccc3Sc3ccc(Cl)cc32)CC1,C(N1CCN(CCO)CC1)CCN1c2ccccc2Sc2c1cc(Cl)cc2
89,CCN(CC)CC[C@]1(c2ccccc2)CCC(=O)NC1=O,C([C@@]1(c2ccccc2)C(=O)NC(=O)CC1)CN(CC)CC
90,O=C1c2ccccc2C(=O)C1c1ccccc1,c12ccccc1C(=O)C(c1ccccc1)C2=O
91,CN1C(C(=O)Nc2ccccn2)=C(O)c2ccccc2S1(=O)=O,c1c(NC(C2=C(O)c3ccccc3S(=O)(=O)N2C)=O)nccc1
92,CN1[C@H](CSCC(F)(F)F)Nc2cc(Cl)c(S(N)(=O)=O)cc2S1(=O)=O,N1(C)[C@H](CSCC(F)(F)F)Nc2c(cc(S(=O)(=O)N)c(Cl)c2)S1(=O)=O
93,CCCN(CCC)S(=O)(=O)c1ccc(C(=O)O)cc1,N(CCC)(CCC)S(=O)(=O)c1ccc(C(=O)O)cc1
94,CNNCc1ccc(C(=O)NC(C)C)cc1,O=C(c1ccc(CNNC)cc1)NC(C)C
95,CC(C)c1cccc(C(C)C)c1O,c1cc(C(C)C)c(O)c(C(C)C)c1
96,C[C@H](O)Cn1cnc2c1c(=O)n(C)c(=O)n2C,c12ncn(C[C@H](C)O)c1c(=O)n(C)c(=O)n2C
97,CN[C@@H](C)[C@@H](O)c1ccccc1,c1ccccc1[C@@H]([C@H](C)NC)O
98,NC(=O)c1cnccn1,c1(C(N)=O)cnccn1
99,CCN1CCC[C@@H]1CNC(=O)c1c(OC)ccc(Br)c1OC,c1(C(NC[C@@H]2N(CC)CCC2)=O)c(OC)c(Br)ccc1OC
100,CCOc1cc(CC(=O)N[C@H](CC(C)C)c2ccccc2N2CCCCC2)ccc1C(=O)O,O=C(O)c1ccc(CC(=O)N[C@@H](c2ccccc2N2CCCCC2)CC(C)C)cc1OCC
101,O=C(Oc1ccccc1C(=O)O)c1ccccc1O,OC(=O)c1c(OC(=O)c2ccccc2O)cccc1
102,C#CCN(C)[C@@H](C)Cc1ccccc1,c1ccc(C[C@@H](N(CC#C)C)C)cc1
103,CN1C(C(=O)Nc2nccs2)=C(O)c2ccccc2S1(=O)=O,c12ccccc1C(O)=C(C(=O)Nc1nccs1)N(C)S2(=O)=O
104,Cc1cc(NS(=O)(=O)c2ccc(N)cc2)no1,c1cc(N)ccc1S(=O)(=O)Nc1cc(C)on1
105,O=C1C(CCS(=O)c2ccccc2)C(=O)N(c2ccccc2)N1c1ccccc1,c1c(N2C(=O)C(CCS(=O)c3ccccc3)C(=O)N2c2ccccc2)cccc1
106,CCC(=C(c1ccccc1)c1ccc(OCCN(C)C)cc1)c1ccccc1,c1ccccc1C(CC)=C(c1ccccc1)c1ccc(OCCN(C)C)cc1
107,CN1C(C(=O)Nc2ccccn2)=Cc2sccc2S1(=O)=O,c1ccnc(NC(C2=Cc3c(ccs3)S(=O)(=O)N2C)=O)c1
108,CC(C)(C)c1ccc([C@H](O)CCCN2CCC(C(O)(c3ccccc3)c3ccccc3)CC2)cc1,CC(c1ccc([C@@H](CCCN2CCC(C(c3ccccc3)(O)c3ccccc3)CC2)O)cc1)(C)C
109,CCO[C@H](Cc1ccc(OCCc2ccc(OS(C)(=O)=O)cc2)cc1)C(=O)O,O=S(C)(=O)Oc1ccc(CCOc2ccc(C[C@H](C(=O)O)OCC)cc2)cc1
110,C[C@@]12CC[C@@H]3[C@H](CCC4=CC(=O)CC[C@]43C)[C@H]1CC[C@H]2O,C1[C@H]2[C@]3(C)CCC(=O)C=C3CC[C@@H]2[C@@H]2[C@@](C)(C1)[C@H](O)CC2
111,CCCC(=O)[C@]1(c2ccccc2)CCC=C[C@@H]1N(C)C,c1ccccc1[C@@]1(C(=O)CCC)CCC=C[C@@H]1N(C)C
112,CCS(=O)(=O)CCn1c([N+](=O)[O-])cnc1C,C(C)S(=O)(CCn1c([N+]([O-])=O)cnc1C)=O
113,Cc1cccc(C)c1NC(=O)[C@@H](C)N,C[C@H](C(Nc1c(C)cccc1C)=O)N
114,CN(C)CCOc1ccc(C(=C(CCCl)c2ccccc2)c2ccccc2)cc1,c1c(C(c2ccc(OCCN(C)C)cc2)=C(CCCl)c2ccccc2)cccc1
115,C[C@@]12C=CC(=O)C=C1CC[C@@H]1[C@H]3C[C@@H](O)[C@@](O)(C(=O)CO)[C@]3(C)C[C@@H](O)[C@@]12F,[C@@H]12[C@@H]3[C@](C)([C@](O)(C(CO)=O)[C@H](O)C3)C[C@@H](O)[C@]1(F)[C@]1(C)C=CC(=O)C=C1CC2
116,CN1CCN(CCCN2c3ccccc3Sc3ccc(C(F)(F)F)cc32)CC1,C(F)(F)(c1ccc2c(c1)N(CCCN1CCN(C)CC1)c1ccccc1S2)F
117,O[C@](CCN1CCCCC1)(c1ccccc1)C1CCCCC1,C1CCCN(CC[C@](c2ccccc2)(O)C2CCCCC2)C1
118,O=[P@@]1(N(CCCl)CCCl)OCCCN1CCCl,ClCCN1[P@](=O)(N(CCCl)CCCl)OCCC1
119,C[C@H](c1cc2ccccc2s1)N(O)C(N)=O,ON([C@@H](c1cc2c(cccc2)s1)C)C(=O)N
120,Cc1cc(CC(=O)O)n(C)c1C(=O)c1ccc(Cl)cc1,O=C(O)Cc1n(C)c(C(=O)c2ccc(Cl)cc2)c(C)c1
121,NS(=O)(=O)Cc1noc2ccccc12,c1cc2c(c(CS(N)(=O)=O)no2)cc1
122,CN(C)CCOC1=Cc2ccccc2Sc2ccc(Cl)cc21,C1(OCCN(C)C)=Cc2c(cccc2)Sc2c1cc(Cl)cc2
123,Cn1c(=O)c2c(ncn2C)n(C)c1=O,n1c2c(c(=O)n(C)c(=O)n2C)n(C)c1
124,CNC1=Nc2ccc(Cl)cc2C(c2ccccc2)=[N+]([O-])C1,CNC1=Nc2c(cc(Cl)cc2)C(c2ccccc2)=[N+]([O-])C1
125,CC(C)(Oc1ccc([C@@H]2CC2(Cl)Cl)cc1)C(=O)O,O(C(C)(C)C(O)=O)c1ccc([C@@H]2CC2(Cl)Cl)cc1
126,CN1C(=O)CN=C(c2ccccc2)c2cc(Cl)ccc21,CN1c2ccc(Cl)cc2C(c2ccccc2)=NCC1=O
127,O=C1OC2(c3ccc(O)cc3Oc3cc(O)ccc32)c2ccccc21,c1cccc2c1C(=O)OC21c2ccc(O)cc2Oc2cc(O)ccc21
128,CCn1cc(C(=O)O)c(=O)c2cc(F)c(N3CCN[C@@H](C)C3)c(F)c21,[C@H]1(C)CN(c2c(F)cc3c(=O)c(C(=O)O)cn(CC)c3c2F)CCN1
129,Clc1ccc(CO[C@H](Cn2ccnc2)c2ccc(Cl)cc2Cl)c(Cl)c1,C(n1ccnc1)[C@H](c1c(Cl)cc(Cl)cc1)OCc1ccc(Cl)cc1Cl
130,CN(C)CC[C@H](c1ccccc1)c1ccccn1,C([C@@H](c1ccccn1)c1ccccc1)CN(C)C
131,C[C@@]12C=CC(=O)C=C1CC[C@H]1[C@H]2[C@H](O)C[C@]2(C)[C@@H]1CC[C@@]2(O)C(=O)CO,C1[C@@H](O)[C@@H]2[C@H](CCC3=CC(=O)C=C[C@@]23C)[C@@H]2[C@]1(C)[C@@](C(=O)CO)(O)CC2
132,CSc1ccc2ncn(/C=C/C(=O)O)c(=O)c2c1,c12c(ccc(SC)c1)ncn(/C=C/C(=O)O)c2=O
133,CN1c2ccccc2N(CCCCCCC(=O)O)c2ccc(Cl)cc2S1(=O)=O,c1(Cl)cc2c(cc1)N(CCCCCCC(=O)O)c1ccccc1N(C)S2(=O)=O
134,CCOc1ccccc1OC[C@H]1COCCN1,c1cc(OC[C@H]2COCCN2)c(OCC)cc1
135,Cc1cc(=O)n(-c2ccccc2)n1C,c1(=O)cc(C)n(C)n1-c1ccccc1
136,CN(C)CCCN1c2ccccc2Sc2ccc(Cl)cc21,C(CCN(C)C)N1c2ccccc2Sc2c1cc(Cl)cc2
137,COc1cc(N)c(Cl)cc1C(=O)N[C@@H]1CCN(CCCOc2ccc(F)cc2)C[C@@H]1OC,c1(N)c(Cl)cc(C(=O)N[C@H]2[C@@H](OC)CN(CCCOc3ccc(F)cc3)CC2)c(OC)c1
138,CC(=O)O[C@]1(C(C)=O)CC[C@@H]2[C@@H]3C=C(Cl)C4=CC(=O)[C@H]5C[C@@H]5[C@]4(C)[C@@H]3CC[C@@]21C,C1=C(Cl)C2=CC(=O)[C@H]3C[C@@H]3[C@]2(C)[C@H]2[C@@H]1[C@@H]1[C@@](C)([C@](C(C)=O)(OC(C)=O)CC1)CC2
139,Cc1ccc(S(=O)(=O)NC(=O)N[C@@H]2[C@H]3CC[C@](C)([C@H]2O)C3(C)C)cc1,[C@@H]12CC[C@](C)([C@@H](O)[C@@H]1NC(NS(=O)(=O)c1ccc(C)cc1)=O)C2(C)C
140,COc1ccc(Cl)cc1C(=O)NCCc1ccc(S(=O)(=O)NC(=O)NC2CCCCC2)cc1,N(C(=O)NS(=O)(c1ccc(CCNC(c2cc(Cl)ccc2OC)=O)cc1)=O)C1CCCCC1
141,CC(C)Cc1ccc([C@H](C)C(=O)O)cc1,C(C(C)C)c1ccc([C@@H](C(=O)O)C)cc1
142,Cc1ccc(NC(=O)c2ccc(CN3CCN(C)CC3)cc2)cc1Nc1nccc(-c2cccnc2)n1,N1(Cc2ccc(C(Nc3ccc(C)c(Nc4nccc(-c5cnccc5)n4)c3)=O)cc2)CCN(C)CC1
143,O=C(O)Cc1ccc2c(c1)C(=O)c1ccccc1CO2,c1(CC(=O)O)cc2c(cc1)OCc1c(cccc1)C2=O
144,CCOC(=O)C1=C(C)NC(C)=C(C(=O)OCC)C1c1ccccc1/C=C/C(=O)OC(C)(C)C,C1(C(OCC)=O)=C(C)NC(C)=C(C(=O)OCC)C1c1c(/C=C/C(OC(C)(C)C)=O)cccc1
145,Nc1nnc(-c2cccc(Cl)c2Cl)c(N)n1,n1c(N)nc(N)c(-c2c(Cl)c(Cl)ccc2)n1
146,CCN(CC)CC(=O)Nc1c(C)cccc1C,c1(C)cccc(C)c1NC(=O)CN(CC)CC
147,Cc1cccc(C)c1OC[C@H](C)N,c1c(C)c(OC[C@@H](N)C)c(C)cc1
148,CN1CCO[C@H](c2ccccc2)c2ccccc2C1,N1(C)CCO[C@H](c2ccccc2)c2ccccc2C1
149,O=C(O)CCc1nc(-c2ccccc2)c(-c2ccccc2)o1,c1ccc(-c2c(-c3ccccc3)nc(CCC(O)=O)o2)cc1
150,Cc1nc(NCc2cccnc2)c(C#N)c(=O)[nH]1,C(#N)c1c(=O)[nH]c(C)nc1NCc1cnccc1
151,CCN(C)C(=O)Oc1cccc([C@@H](C)N(C)C)c1,N(CC)(C(Oc1cc([C@@H](C)N(C)C)ccc1)=O)C
152,CCCNC(Cc1cccc2c1CC(=O)N2)NCCC,C(NC(Cc1cccc2c1CC(=O)N2)NCCC)CC
153,COc1cc(C)c(S(C)=O)cc1OC,COc1cc(C)c(S(=O)C)cc1OC
154,CCCC(CCC)C(=O)O,CCCC(C(O)=O)CCC
155,CN1CCN(C(=O)O[C@@H]2c3nccnc3C(=O)N2c2ccc(Cl)cn2)CC1,c1c(Cl)cnc(N2[C@H](OC(N3CCN(C)CC3)=O)c3nccnc3C2=O)c1
156,CN1C(=O)CC[C@@H]1c1cccnc1,c1cc([C@H]2CCC(=O)N2C)cnc1
157,COc1ccc(CCN(C)CCC[C@](C#N)(c2cc(OC)c(OC)c(OC)c2)C(C)C)cc1OC,O(C)c1cc([C@](C(C)C)(CCCN(CCc2cc(OC)c(OC)cc2)C)C#N)cc(OC)c1OC
158,Cc1ccc(S(=O)(=O)NC(=O)NN2C[C@H]3CCC[C@H]3C2)cc1,[C@H]12CN(NC(=O)NS(c3ccc(C)cc3)(=O)=O)C[C@H]1CCC2
159,O=C1Nc2ccc(Cl)cc2C(c2ccccc2)=N[C@H]1O,C1(=O)[C@H](O)N=C(c2ccccc2)c2cc(Cl)ccc2N1
160,Cc1nc2n(c(=O)c1CCN1CCC(c3noc4cc(F)ccc34)CC1)CCCC2,c1(=O)c(CCN2CCC(c3c4ccc(F)cc4on3)CC2)c(C)nc2n1CCCC2
161,CCCCNc1cc(C(=O)O)cc(S(N)(=O)=O)c1Oc1ccccc1,c1cc(Oc2c(NCCCC)cc(C(O)=O)cc2S(=O)(N)=O)ccc1
162,CCOC(=O)C(C)(C)Oc1ccc(Cl)cc1,c1(Cl)ccc(OC(C)(C)C(=O)OCC)cc1
163,COc1c(N2CCN[C@@H](C)C2)c(F)cc2c(=O)c(C(=O)O)cn(C3CC3)c12,N1(c2c(OC)c3n(C4CC4)cc(C(O)=O)c(=O)c3cc2F)CCN[C@@H](C)C1
164,COCCc1ccc(OC[C@@H](O)CNC(C)C)cc1,C(c1ccc(OC[C@H](CNC(C)C)O)cc1)COC
165,Nc1nc(N2CCCCC2)cc[n+]1[O-],c1[n+]([O-])c(N)nc(N2CCCCC2)c1
166,CC(=O)[C@@H]1CC[C@@H]2[C@@H]3CCC4=CC(=O)CC[C@]4(C)[C@@H]3CC[C@]21C,[C@H]1(C(C)=O)[C@@]2(C)[C@H](CC1)[C@H]1[C@H]([C@]3(C)C(=CC(=O)CC3)CC1)CC2
167,Cc1cccc(Nc2ccncc2S(=O)(=O)NC(=O)NC(C)C)c1,C(=O)(NS(c1cnccc1Nc1cccc(C)c1)(=O)=O)NC(C)C
168,CCN(CC)c1cc(C)nc2ncnn12,n1c2n(nc1)c(N(CC)CC)cc(C)n2
169,Cc1cnc(C(=O)O)c[n+]1[O-],C(O)(c1c[n+]([O-])c(C)cn1)=O
170,CN(C)CCC=C1c2ccccc2CCc2ccccc21,c1cccc2c1C(=CCCN(C)C)c1c(cccc1)CC2
171,CC[C@]1(CCC(C)C)C(=O)N=C(O)N=C1O,C(CC[C@]1(CC)C(O)=NC(O)=NC1=O)(C)C
172,Clc1ccc2c(c1)C(N1CCNCC1)=Nc1ccccc1O2,c1c(Cl)ccc2c1C(N1CCNCC1)=Nc1c(cccc1)O2
173,N[C@H](CCC(=O)O)c1ccc(Cl)cc1,C([C@H](c1ccc(Cl)cc1)N)CC(=O)O
174,CCOC(=O)n1ccn(C)c1=S,Cn1ccn(C(OCC)=O)c1=S
175,CC(C)(C)NC[C@H](O)COc1cccc2c1CCC(=O)N2,c12c(cccc1OC[C@@H](O)CNC(C)(C)C)NC(=O)CC2
176,CC1=C(C(=O)O)N2C(=O)[C@H](NC(=O)[C@@H](N)C3=CCC=CC3)[C@@H]2SC1,C1(C(=O)O)=C(C)CS[C@@H]2N1C(=O)[C@@H]2NC(=O)[C@@H](N)C1=CCC=CC1
177,CCCNC(=O)NS(=O)(=O)c1ccc(Cl)cc1,O=S(c1ccc(Cl)cc1)(=O)NC(=O)NCCC
178,Cc1ncsc1CCCl,n1csc(CCCl)c1C
179,CN(C)CCCN1c2ccccc2CCc2ccc(Cl)cc21,CN(CCCN1c2c(ccc(Cl)c2)CCc2ccccc21)C
180,Clc1cccc(Cl)c1N=C1NCCN1,C1(=Nc2c(Cl)cccc2Cl)NCCN1
181,OCCN1CCN(CC/C=C2\c3ccccc3Sc3ccc(Cl)cc32)CC1,C(=C1\c2c(cccc2)Sc2ccc(Cl)cc21)\CCN1CCN(CCO)CC1
182,CCN(CC)[C@H](C)C(=O)c1ccccc1,O=C(c1ccccc1)[C@H](N(CC)CC)C
183,CC(C)N(CC[C@](C(N)=O)(c1ccccc1)c1cccnc1)C(C)C,c1([C@](c2cnccc2)(CCN(C(C)C)C(C)C)C(=O)N)ccccc1
184,O=c1[nH]c2ccccc2n1CCCN1CCC(Nn2c(=O)[nH]c3cc(Cl)ccc32)CC1,c1cc2n(CCCN3CCC(Nn4c5ccc(Cl)cc5[nH]c4=O)CC3)c(=O)[nH]c2cc1
185,CN(C)CC/C=C1\c2ccccc2CSc2ccccc21,c1cccc2c1SCc1ccccc1/C2=C\CCN(C)C
186,CC(=O)OCC(=O)[C@@]1(O)CC[C@@H]2[C@@H]3CCC4=CC(=O)CC[C@]4(C)[C@]3(F)[C@@H](O)C[C@@]21C,C1CC2=CC(=O)CC[C@]2(C)[C@]2(F)[C@@H](O)C[C@]3(C)[C@@](O)(C(=O)COC(C)=O)CC[C@@H]3[C@H]12
187,CCOC(=O)c1ncn2c1CN(C)C(=O)c1cc(F)ccc1-2,O=C(c1c2n(cn1)-c1c(cc(F)cc1)C(=O)N(C)C2)OCC
188,C[C@H](C(=O)O)c1ccc(-c2cccc(F)c2)cc1,c1cc(-c2cccc(F)c2)ccc1[C@@H](C(O)=O)C
189,COc1ccc2c3c1O[C@@H]1C[C@@H](O)C=C[C@]31CCN(C)C2,c12c3c(OC)ccc1CN(C)CC[C@@]21C=C[C@H](O)C[C@H]1O3
190,COCCOc1cnc(NS(=O)(=O)c2ccccc2)nc1,c1c(S(Nc2ncc(OCCOC)cn2)(=O)=O)cccc1
191,CN1C(=O)[C@@](C)(C2=CCCCC2)C(=O)N=C1O,CN1C(=O)[C@](C2=CCCCC2)(C)C(=O)N=C1O
192,C[C@H](C(=O)O)c1cccc(C(=O)c2ccccc2)c1,c1([C@@H](C(O)=O)C)cccc(C(c2ccccc2)=O)c1
193,O=C(c1ccccc1)c1ccc2n1CC[C@@H]2C(=O)O,c1(C(c2ccc3n2CC[C@@H]3C(O)=O)=O)ccccc1
194,c1ccc([C@@H]2CN3CCSC3=N2)cc1,c1([C@@H]2CN3CCSC3=N2)ccccc1
195,O=C1Nc2ccc(Cl)cc2C(c2ccccc2Cl)=N[C@H]1O,c1c(Cl)cc2c(c1)NC(=O)[C@H](O)N=C2c1ccccc1Cl
196,Cn1cc[nH]c1=S,c1n(C)c(=S)[nH]c1
197,Cc1ncc([N+](=O)[O-])n1CCO,c1([N+]([O-])=O)n(CCO)c(C)nc1
198,COC(=O)c1c(C)cc([N+](=O)[O-])c(C(=O)OCCN(C)Cc2ccccc2)c1C1C=C(C)NC(C)=C1,C1=C(C)NC(C)=CC1c1c(C(=O)OCCN(Cc2ccccc2)C)c([N+]([O-])=O)cc(C)c1C(OC)=O
199,O=C1CN=C(c2ccccc2)c2cc([N+](=O)[O-])ccc2N1,N1c2ccc([N+](=O)[O-])cc2C(c2ccccc2)=NCC1=O
200,O=C1CN(/N=C/c2ccc([N+](=O)[O-])o2)C(=O)N1,[N+](c1oc(/C=N/N2CC(=O)NC2=O)cc1)(=O)[O-]
201,CN/C(=C\[N+](=O)[O-])NCCSCc1csc(CN(C)C)n1,N(CCSCc1nc(CN(C)C)sc1)/C(=C/[N+]([O-])=O)NC
202,CCn1cc(C(=O)O)c(=O)c2cc(F)c(N3CCN(C)CC3)cc21,O=C(c1cn(CC)c2cc(N3CCN(C)CC3)c(F)cc2c1=O)O
203,CC(C)=CCN1CC[C@]2(C)c3cc(O)ccc3C[C@@H]1[C@H]2C,[C@@H]12[C@@H](C)[C@](C)(CCN1CC=C(C)C)c1c(ccc(O)c1)C2
204,CC(=O)CCCCn1c(=O)c2c(ncn2C)n(C)c1=O,n1(C)c(=O)n(CCCCC(C)=O)c(=O)c2c1ncn2C
205,CCC[C@@H](N[C@H](C)C(=O)N1[C@H](C(=O)O)C[C@@H]2CCCC[C@@H]21)C(=O)OCC,N1(C(=O)[C@@H](C)N[C@H](CCC)C(=O)OCC)[C@H](C(=O)O)C[C@@H]2CCCC[C@H]12
206,C[C@H](N)[C@@H](O)c1ccccc1,c1ccccc1[C@@H]([C@H](C)N)O
207,CC(=O)Nc1ccc([C@H](O)CNC(C)C)cc1,CC(NC[C@@H](O)c1ccc(NC(=O)C)cc1)C
208,C[C@@H](CN1c2ccccc2Sc2ccccc21)N(C)C,CN([C@H](CN1c2c(cccc2)Sc2ccccc21)C)C
209,CCCNC[C@H](O)COc1ccccc1C(=O)CCc1ccccc1,CCCNC[C@H](O)COc1c(C(CCc2ccccc2)=O)cccc1
210,CC(C)N[C@@H](C)[C@@H](O)c1cccc2ccccc12,[C@H](O)(c1cccc2c1cccc2)[C@H](C)NC(C)C
211,CNCCCC1c2ccccc2C=Cc2ccccc21,c1cc2c(cc1)C(CCCNC)c1c(cccc1)C=C2
212,C[C@H](NCCc1ccc(O)cc1)[C@@H](O)c1ccc(O)cc1,c1cc(O)ccc1CCN[C@H]([C@H](c1ccc(O)cc1)O)C
213,CC(C)NC[C@H](O)COc1cccc(NS(C)(=O)=O)c1,C([C@@H](O)CNC(C)C)Oc1cccc(NS(=O)(C)=O)c1
214,Cc1nsc(NS(=O)(=O)c2ccc(N)cc2)c1C,c1c(S(=O)(=O)Nc2snc(C)c2C)ccc(N)c1
215,Nc1c2c(nc3ccccc13)CCCC2,c1ccc2c(nc3c(c2N)CCCC3)c1
216,CN1C(=O)[C@@H](O)N=C(c2ccccc2)c2cc(Cl)ccc21,N1(C)c2c(cc(Cl)cc2)C(c2ccccc2)=N[C@H](O)C1=O
217,CC(C)(C)NC[C@H](O)COc1nsnc1N1CCOCC1,n1c(OC[C@H](CNC(C)(C)C)O)c(N2CCOCC2)ns1
218,CN1[C@@H]2CC[C@@H]1CC(OC(=O)c1cn(C)c3ccccc13)C2,O=C(OC1C[C@@H]2N(C)[C@H](CC2)C1)c1cn(C)c2ccccc21
219,COc1ccc([C@H](CN(C)C)C2(O)CCCCC2)cc1,c1cc([C@@H](C2(O)CCCCC2)CN(C)C)ccc1OC
220,CCCN(CCC)C(=O)Cc1c(-c2ccc(C)cc2)nc2ccc(C)cn12,C(CN(CCC)C(Cc1n2c(ccc(C)c2)nc1-c1ccc(C)cc1)=O)C
221,CN1[C@@H]2CC[C@H]1C[C@H](OC(=O)[C@@H](CO)c1ccccc1)C2,O=C([C@@H](CO)c1ccccc1)O[C@H]1C[C@H]2N(C)[C@@H](C1)CC2
222,CN1CCN(C2=Nc3cc(Cl)ccc3Nc3ccccc32)CC1,N1=C(N2CCN(C)CC2)c2c(cccc2)Nc2c1cc(Cl)cc2
223,CCOC(=O)C1=C(C)NC(C)=C(C(=O)OC)[C@@H]1c1cccc(Cl)c1Cl,CC1=C(C(OC)=O)[C@H](c2cccc(Cl)c2Cl)C(C(OCC)=O)=C(C)N1
224,OC(Cn1cncn1)(Cn1cncn1)c1ccc(F)cc1F,n1cn(CC(O)(c2ccc(F)cc2F)Cn2cncn2)nc1
225,O=C(O)c1cccnc1,OC(c1cnccc1)=O
226,C=CCc1ccccc1OC[C@@H](O)CNC(C)C,CC(C)NC[C@@H](COc1ccccc1CC=C)O
227,Nc1cc(-c2ccncc2)c[nH]c1=O,c1(-c2ccncc2)cc(N)c(=O)[nH]c1
228,CN1[C@@H]2C[C@@H](OC(=O)[C@@H](CO)c3ccccc3)C[C@H]1[C@@H]1O[C@H]12,c1([C@@H](C(O[C@H]2C[C@H]3[C@H]4[C@H]([C@H](N3C)C2)O4)=O)CO)ccccc1
229,CCCCCc1cc(O)c2c(c1)OC(C)(C)[C@@H]1CCC(C)=C[C@@H]21,C1CC(C)=C[C@H]2c3c(O)cc(CCCCC)cc3OC(C)(C)[C@H]12
230,COC(=O)C1=C(C)NC(C)=C(C(=O)OC(C)C)[C@H]1c1cccc2nonc12,CC(C)OC(C1=C(C)NC(C)=C(C(=O)OC)[C@@H]1c1cccc2c1non2)=O
231,CC(C)CCC[C@H](C)[C@@H]1CC[C@@H]2[C@@H]3CC=C4C[C@@H](O)CC[C@]4(C)[C@@H]3CC[C@@]21C,C(CCC[C@@H]([C@@H]1CC[C@H]2[C@]1(C)CC[C@H]1[C@]3(C)C(=CC[C@@H]21)C[C@@H](O)CC3)C)(C)C
232,C[C@@]12CCC(=O)C=C1CC[C@H]1[C@H]2[C@H](O)C[C@]2(C)[C@@H]1CC[C@@]2(O)C(=O)CO,[C@H]12[C@@H]([C@H](O)C[C@@]3(C)[C@](O)(C(CO)=O)CC[C@H]13)[C@@]1(C)C(=CC(=O)CC1)CC2
233,C=CCN1CC[C@@]23c4c5ccc(O)c4O[C@H]2C(=O)CC[C@@]3(O)[C@@H]1C5,O=C1[C@@H]2Oc3c(O)ccc4c3[C@@]23[C@](O)([C@H](C4)N(CC=C)CC3)CC1
234,COc1cc2nc(N3CCN(C(=O)[C@@H]4CCCO4)CC3)nc(N)c2cc1OC,C1N(C(=O)[C@@H]2CCCO2)CCN(c2nc3cc(OC)c(OC)cc3c(N)n2)C1
235,C=CCNc1nc(NCC=C)nc(N2CCN(C(c3ccc(F)cc3)c3ccc(F)cc3)CC2)n1,c1c(C(N2CCN(c3nc(NCC=C)nc(NCC=C)n3)CC2)c2ccc(F)cc2)ccc(F)c1
236,NC12CC3CC(CC(C3)C1)C2,C1C2(N)CC3CC1CC(C2)C3
237,C[C@H](N)Cc1ccccc1,c1cc(C[C@@H](N)C)ccc1
238,CN1CCC(=C2c3ccccc3CCc3cccnc32)CC1,C1Cc2c(nccc2)C(=C2CCN(C)CC2)c2ccccc21
239,CC(C)NC[C@H](O)COc1ccc(CCOCC2CC2)cc1,C(C1CC1)OCCc1ccc(OC[C@H](CNC(C)C)O)cc1
240,CC(C)NC[C@H](O)COc1ccc(COCCOC(C)C)cc1,c1(OC[C@H](CNC(C)C)O)ccc(COCCOC(C)C)cc1
241,O=c1[nH]c2cc(Cl)ccc2o1,c12cc(Cl)ccc1oc(=O)[nH]2
242,Nc1ccc(S(=O)(=O)c2ccc(O)cc2)cc1,c1cc(O)ccc1S(=O)(c1ccc(N)cc1)=O
243,C[C@@H]1C[C@@H]2[C@@H]3CCC4=CC(=O)C=C[C@]4(C)[C@]3(F)[C@@H](O)C[C@]2(C)[C@@]1(O)C(=O)CO,C1[C@@H](C)[C@](O)(C(=O)CO)[C@@]2(C)C[C@H](O)[C@]3(F)[C@@H](CCC4=CC(=O)C=C[C@]34C)[C@@H]12
244,CCC(=C(CC)c1ccc(O)cc1)c1ccc(O)cc1,C(C(=C(CC)c1ccc(O)cc1)c1ccc(O)cc1)C
245,O=C(O)c1cc(-c2ccc(F)cc2F)ccc1O,c1c(-c2ccc(F)cc2F)ccc(O)c1C(O)=O
246,CN(C(=O)C(Cl)Cl)c1ccc(O)cc1,Oc1ccc(N(C(C(Cl)Cl)=O)C)cc1
247,CCC(=O)C(=O)c1ccc(OCC(=O)O)c(Cl)c1Cl,C(=O)(C(c1c(Cl)c(Cl)c(OCC(O)=O)cc1)=O)CC
248,NC(=O)OCC(COC(N)=O)c1ccccc1,C(COC(=O)N)(COC(N)=O)c1ccccc1
249,CC(C)=CCC1C(=O)N(c2ccccc2)N(c2ccccc2)C1=O,C1(=O)C(CC=C(C)C)C(=O)N(c2ccccc2)N1c1ccccc1
250,CC(C)C(=O)Nc1ccc([N+](=O)[O-])c(C(F)(F)F)c1,C(=O)(C(C)C)Nc1ccc([N+](=O)[O-])c(C(F)(F)F)c1
251,COCCCC/C(=N\OCCN)c1ccc(C(F)(F)F)cc1,NCCO/N=C(\CCCCOC)c1ccc(C(F)(F)F)cc1
252,CCCCCC(=O)O[C@]1(C(C)=O)CC[C@@H]2[C@@H]3C=CC4=CC(=O)CC[C@]4(C)[C@@H]3CC[C@@]21C,[C@]1(C(C)=O)(OC(CCCCC)=O)CC[C@@H]2[C@@H]3C=CC4=CC(=O)CC[C@]4(C)[C@@H]3CC[C@]12C
253,O=[N+]([O-])O[C@@H]1CO[C@H]2[C@H]1OC[C@H]2O[N+](=O)[O-],[O-][N+](=O)O[C@H]1[C@@H]2[C@@H](OC1)[C@H](O[N+]([O-])=O)CO2
254,CC(=CC(=O)O)/C=C/C=C(C)\C=C/C1=C(C)CCCC1(C)C,C(=CC(=O)O)(C)/C=C/C=C(\C=C/C1=C(C)CCCC1(C)C)C
255,CN1CCC(=C2c3ccccc3CC(=O)c3sccc32)CC1,c12ccccc1CC(=O)c1sccc1C2=C1CCN(C)CC1
256,CCOC(=O)N1CCC(=C2c3ccc(Cl)cc3CCc3cccnc32)CC1,C(=O)(N1CCC(=C2c3ncccc3CCc3c2ccc(Cl)c3)CC1)OCC
257,CCN(CCCCOC(=O)c1ccc(OC)c(OC)c1)[C@@H](C)Cc1ccc(OC)cc1,c1c(C[C@@H](N(CC)CCCCOC(c2cc(OC)c(OC)cc2)=O)C)ccc(OC)c1
258,Cc1cccc(Nc2ccccc2C(=O)O)c1C,N(c1c(C(O)=O)cccc1)c1c(C)c(C)ccc1
259,Cc1cnc(NC(=O)C2=C(O)c3ccccc3S(=O)(=O)N2C)s1,c1ccc2c(c1)C(O)=C(C(=O)Nc1sc(C)cn1)N(C)S2(=O)=O
260,C#C[C@@]1(O)CC[C@@H]2[C@@H]3CC[C@@H]4CC(=O)CCC4=C3[C@H](c3ccc(N(C)C)cc3)C[C@@]21C,C1C(=O)CCC2=C3[C@H](c4ccc(N(C)C)cc4)C[C@]4(C)[C@@](O)(C#C)CC[C@@H]4[C@@H]3CC[C@H]12
261,CN1CC[C@@]23c4c5ccc(O)c4O[C@H]2[C@@H](O)C=C[C@@H]3[C@@H]1C5,CN1CC[C@@]23[C@@H]4[C@@H](O)C=C[C@@H]2[C@@H]1Cc1ccc(O)c(c13)O4
262,COc1c2c(cc(F)c1N1C[C@@H]3CCCN[C@@H]3C1)C(=O)C(C(=O)O)=C[C@@H]2NC1CC1,C1(N[C@H]2C=C(C(O)=O)C(=O)c3cc(F)c(N4C[C@@H]5[C@@H](CCCN5)C4)c(OC)c32)CC1
263,CCN1C[C@@H](C(=O)O)C(=O)c2ccc(C)nc21,[C@H]1(C(=O)O)C(=O)c2c(nc(C)cc2)N(CC)C1
264,COC(=O)C1=C(C)NC(C)=C(C(=O)OCC(C)C)[C@H]1c1ccccc1[N+](=O)[O-],c1cccc([N+](=O)[O-])c1[C@H]1C(C(OC)=O)=C(C)NC(C)=C1C(=O)OCC(C)C
265,COc1ccc(Cc2nccc3cc(OC)c(OC)cc23)cc1OC,COc1cc(Cc2c3cc(OC)c(OC)cc3ccn2)ccc1OC
266,Nc1ccc(/N=N/c2ccccc2)c(N)n1,Nc1nc(N)c(/N=N/c2ccccc2)cc1
267,O=C1NNC(=O)C1(c1ccccc1)c1ccccc1,c1ccccc1C1(c2ccccc2)C(=O)NNC1=O
268,CCCc1cc(C(N)=S)ccn1,n1c(CCC)cc(C(N)=S)cc1
269,C=CC[C@@]1([C@@H](C)CCC)C(=C)NC(O)=NC1=O,CCC[C@H](C)[C@@]1(CC=C)C(=O)N=C(O)NC1=C
270,COCCCOc1ccnc(CS(=O)c2nc3ccccc3[nH]2)c1C,Cc1c(CS(=O)c2nc3ccccc3[nH]2)nccc1OCCCOC
271,Nc1nc2ccc(OC(F)(F)F)cc2s1,c1(N)sc2cc(OC(F)(F)F)ccc2n1
272,C[C@H]1CN(c2c(F)c(N)c3c(=O)c(C(=O)O)cn(C4CC4)c3c2F)C[C@H](C)N1,Nc1c(F)c(N2C[C@H](C)N[C@@H](C)C2)c(F)c2n(C3CC3)cc(C(=O)O)c(=O)c21
273,Cc1cc(NS(=O)(=O)c2ccc(N)cc2)nc(C)n1,c1(C)nc(C)nc(NS(c2ccc(N)cc2)(=O)=O)c1
274,CC1=C(CC(=O)O)c2cc(F)ccc2/C1=C/c1ccc(S(C)=O)cc1,c1(F)ccc2c(c1)C(CC(=O)O)=C(C)/C2=C\c1ccc(S(=O)C)cc1
275,CC[C@@H]1OC(=O)[C@@H](C)C(=O)[C@H](C)[C@@H](O[C@@H]2O[C@@H](C)C[C@@H](N(C)C)[C@@H]2O)[C@](C)(OC)C[C@H](C)C(=O)[C@H](C)[C@H]2N(CCCCn3cnc(-c4cccnc4)c3)C(=O)O[C@]12C,CN([C@@H]1C[C@H](C)O[C@@H](O[C@@H]2[C@@H](C)C(=O)[C@H](C)C(=O)O[C@@H](CC)[C@]3(C)[C@H](N(CCCCn4cc(-c5cccnc5)nc4)C(=O)O3)[C@@H](C)C(=O)[C@@H](C)C[C@@]2(C)OC)[C@H]1O)C
276,c1ccc2[nH]c(-c3cscn3)nc2c1,s1cc(-c2nc3ccccc3[nH]2)nc1
277,Cc1ccsc1C(=CCCN1CCC[C@H](C(=O)O)C1)c1sccc1C,s1c(C(=CCCN2CCC[C@H](C(=O)O)C2)c2sccc2C)c(C)cc1
278,C#C[C@@]1(O)CC[C@@H]2[C@H]3[C@@H](C)CC4=C(CCC(=O)C4)[C@@H]3CC[C@@]21C,[C@H]12[C@@H](CC[C@@]3(C)[C@@H]1CC[C@]3(O)C#C)C1=C(C[C@@H]2C)CC(=O)CC1
279,c1ccc(CC2=NCCN2)cc1,c1ccc(CC2=NCCN2)cc1
280,CC1(C)O[C@H]2C[C@H]3[C@@H]4CCC5=CC(=O)C=C[C@H]5[C@]4(F)[C@H](O)C[C@]3(C)[C@@]2(C(=O)CO)O1,[C@H]12[C@](F)([C@H]3C(=CC(=O)C=C3)CC1)[C@H](O)C[C@]1(C)[C@@]3(C(CO)=O)OC(C)(C)O[C@H]3C[C@@H]21
281,COc1ccc2c3c1O[C@H]1[C@@H](O)CC[C@@H]4[C@H](C2)N(C)CC[C@]341,[C@]123CCN(C)[C@H]4Cc5c1c(c(OC)cc5)O[C@H]2[C@@H](O)CC[C@@H]34
282,CCN1CCC[C@@H]1CNC(=O)c1cc(S(=O)(=O)CC)ccc1OC,C(NC(c1cc(S(=O)(CC)=O)ccc1OC)=O)[C@H]1CCCN1CC
283,NC(=O)N1C(=O)[C@@H](C(=O)c2cccs2)c2cc(Cl)ccc21,c1ccc(C(=O)[C@@H]2C(=O)N(C(=O)N)c3ccc(Cl)cc32)s1
284,Cc1ccc(C(=CCN2CCCC2)c2cccc(/C=C/C(=O)O)n2)cc1,c1c(C)ccc(C(=CCN2CCCC2)c2cccc(/C=C/C(O)=O)n2)c1
285,CCN(CC)C(=S)SSC(=S)N(CC)CC,CCN(CC)C(=S)SSC(=S)N(CC)CC
286,CCN(CC)CCNC(=O)c1cc(Cl)c(N)cc1OC,N(CCN(CC)CC)C(c1cc(Cl)c(N)cc1OC)=O
287,CCCC[C@](C)(O)C/C=C/[C@H]1[C@H](O)CC(=O)[C@H]1CCCCCCC(=O)OC,C(CC[C@@](C/C=C/[C@H]1[C@H](O)CC(=O)[C@H]1CCCCCCC(=O)OC)(O)C)C
288,CCOC(=O)Nc1ccc2c(c1)N(C(=O)CCN1CCOCC1)c1ccccc1S2,S1c2ccc(NC(OCC)=O)cc2N(C(=O)CCN2CCOCC2)c2ccccc21
289,COc1nc(C)nc(Cl)c1NC1=NCCN1,n1c(C)nc(Cl)c(NC2=NCCN2)c1OC
290,CCOC(=O)C1=C(C)NC(C)=C(C(=O)OC)[C@@H]1c1cccc([N+](=O)[O-])c1,CC1=C(C(OC)=O)[C@H](c2cccc([N+]([O-])=O)c2)C(C(OCC)=O)=C(C)N1
291,N[C@@H]1[C@H]2CN(c3nc4c(cc3F)c(=O)c(C(=O)O)cn4-c3ccc(F)cc3F)C[C@@H]12,c1c(F)c(N2C[C@H]3[C@H](N)[C@H]3C2)nc2n(-c3c(F)cc(F)cc3)cc(C(O)=O)c(=O)c12
292,CN(C)CCCOc1nn(Cc2ccccc2)c2ccccc12,c1ccc(Cn2c3c(cccc3)c(OCCCN(C)C)n2)cc1
293,C[C@@H](NC(C)(C)C)C(=O)c1ccc(Cl)cc1,c1c(Cl)ccc(C(=O)[C@H](NC(C)(C)C)C)c1
294,C/N=C(\NC#N)NCCSCc1nc[nH]c1C,Cc1c(CSCCN/C(NC#N)=N/C)nc[nH]1
295,CCC[C@@H]1C[C@H](C(=O)N[C@H]([C@@H]2O[C@@H](SC)[C@@H](O)[C@@H](O)[C@@H]2O)[C@H](C)Cl)N(C)C1,O=C([C@@H]1N(C)C[C@H](CCC)C1)N[C@H]([C@H]1[C@@H](O)[C@H](O)[C@H](O)[C@H](SC)O1)[C@H](C)Cl
296,NC1=NC(=O)N([C@H]2CS[C@H](CO)O2)CC1,[C@@H]1(N2C(=O)N=C(N)CC2)O[C@@H](CO)SC1
297,CCCC(=O)Nc1ccc(OC[C@@H](O)CNC(C)C)c(C(C)=O)c1,C(=O)(C)c1cc(NC(CCC)=O)ccc1OC[C@H](CNC(C)C)O
298,CC(=O)Nc1ccc(O)cc1,c1cc(NC(=O)C)ccc1O
299,CC(C)NC(=N)NC(=N)Nc1ccc(Cl)cc1,C(NC(C)C)(=N)NC(=N)Nc1ccc(Cl)cc1
300,O=C(O[C@H]1C[C@@H]2C[C@H]3C[C@H](C1)N2CC3=O)c1c[nH]c2ccccc12,[nH]1cc(C(=O)O[C@H]2C[C@H]3N4[C@@H](C2)C[C@@H](C(=O)C4)C3)c2ccccc12
301,CC(C)N[C@@H](O)c1ccc(O)c(O)c1,CC(N[C@@H](O)c1ccc(O)c(O)c1)C
302,Cc1cnc(CS(=O)c2nc3ccccc3[nH]2)cc1OCC(F)(F)F,c1cc2[nH]c(S(=O)Cc3cc(OCC(F)(F)F)c(C)cn3)nc2cc1
303,COc1cccc(C(=O)CCN[C@@H](C)[C@@H](O)c2ccccc2)c1,O(c1cc(C(CCN[C@H]([C@@H](O)c2ccccc2)C)=O)ccc1)C
304,NS(=O)(=O)c1cc(C(=O)O)cc(N2CCCC2)c1Oc1ccccc1,S(=O)(N)(=O)c1c(Oc2ccccc2)c(N2CCCC2)cc(C(=O)O)c1
305,Cc1nnc(NS(=O)(=O)c2ccc(N)cc2)s1,N(S(=O)(c1ccc(N)cc1)=O)c1sc(C)nn1
306,CC1=NNC2=CN=C(c3ccccc3Cl)c3cc(Cl)ccc3N21,c1c(C2=NC=C3N(C(C)=NN3)c3ccc(Cl)cc32)c(Cl)ccc1
307,Nc1ccn([C@H]2CC[C@H](CO)O2)c(=O)n1,C1[C@H](CO)O[C@@H](n2ccc(N)nc2=O)C1
308,C=C[C@H]1CN2CC[C@@H]1C[C@@H]2[C@@H](O)c1ccnc2ccc(OC)cc12,n1c2c(cc(OC)cc2)c([C@@H]([C@@H]2N3C[C@H](C=C)[C@@H](C2)CC3)O)cc1
309,O=C1CN=C(c2ccccn2)c2cc(Br)ccc2N1,N1c2ccc(Br)cc2C(c2ccccn2)=NCC1=O
310,CC(C)(C)NC[C@@H](O)c1ccc(O)c(C(=O)O)c1,c1c([C@H](O)CNC(C)(C)C)ccc(O)c1C(O)=O
311,Cc1[nH]c(=O)c(C#N)cc1-c1ccncc1,n1ccc(-c2cc(C#N)c(=O)[nH]c2C)cc1
312,CC(C)[C@H]1CC[C@@H](C(=O)N[C@H](Cc2ccccc2)C(=O)O)CC1,N(C([C@H]1CC[C@@H](C(C)C)CC1)=O)[C@H](Cc1ccccc1)C(=O)O
313,CC(=O)Oc1ccccc1C(=O)O,c1ccc(OC(=O)C)c(C(O)=O)c1
314,CCCCCCCN(CC)CCC[C@@H](O)c1ccc(NS(C)(=O)=O)cc1,c1cc(NS(C)(=O)=O)ccc1[C@H](O)CCCN(CCCCCCC)CC
315,C[C@H]1C[C@H]2[C@H]([C@H](O)C[C@]3(C)[C@@H]2CC[C@@]3(O)C(=O)CO)[C@]2(C)C=CC(=O)C=C12,[C@H]12[C@@](C)(C[C@@H](O)[C@H]3[C@@H]1C[C@H](C)C1=CC(=O)C=C[C@]13C)[C@](O)(C(CO)=O)CC2
316,COP(=O)(C[C@H](c1ccc(Cl)cc1)P(=O)(OC)OC)OC,P(OC)(OC)([C@@H](c1ccc(Cl)cc1)CP(=O)(OC)OC)=O
317,O=C(NC[C@@H]1CCCCN1)c1cc(OCC(F)(F)F)ccc1OCC(F)(F)F,N(C[C@H]1NCCCC1)C(=O)c1cc(OCC(F)(F)F)ccc1OCC(F)(F)F
318,CC(=O)c1ccc(S(=O)(=O)N=C(O)NC2CCCCC2)cc1,C(c1ccc(S(N=C(NC2CCCCC2)O)(=O)=O)cc1)(C)=O
319,O=c1[nH]cnc2[nH]ncc12,n1cc2c(nc[nH]c2=O)[nH]1
320,COc1ccccc1OCCNC[C@@H](O)OCc1cccc2[nH]c3ccccc3c12,c1cc2[nH]c3ccccc3c2c(CO[C@H](O)CNCCOc2ccccc2OC)c1
321,CN(C)CCN(c1ccc(Cl)cc1)c1ccccn1,C(N(c1ccc(Cl)cc1)c1ncccc1)CN(C)C
322,O=C1CN=C(c2ccccc2Cl)c2cc([N+](=O)[O-])ccc2N1,c1cc2c(cc1[N+](=O)[O-])C(c1c(Cl)cccc1)=NCC(=O)N2
323,O=C1CN(/N=C/c2ccc(-c3ccc([N+](=O)[O-])cc3)o2)C(=O)N1,O=C1NC(=O)N(/N=C/c2ccc(-c3ccc([N+]([O-])=O)cc3)o2)C1
324,CSc1ccc(C(=O)c2[nH]c(=O)[nH]c2C)cc1,C(c1ccc(SC)cc1)(c1c(C)[nH]c(=O)[nH]1)=O
325,Cc1onc(-c2c(F)cccc2Cl)c1C(=O)N[C@@H]1C(=O)N2[C@H]1SC(C)(C)[C@H]2C(=O)O,C1(C)(C)[C@@H](C(=O)O)N2C(=O)[C@@H](NC(=O)c3c(-c4c(Cl)cccc4F)noc3C)[C@@H]2S1
326,Fc1ccc(C(c2ccc(F)cc2)N2CCN(CCCc3ccccc3)CC2)cc1,c1ccc(CCCN2CCN(C(c3ccc(F)cc3)c3ccc(F)cc3)CC2)cc1
327,CNCC[C@@H](Oc1ccc(C(F)(F)F)cc1)c1ccccc1,c1c([C@H](Oc2ccc(C(F)(F)F)cc2)CCNC)cccc1
328,N=C(N)NC[C@@H]1COC2(CCCCC2)O1,C(NC[C@H]1OC2(OC1)CCCCC2)(=N)N
329,NNC(=O)c1ccncc1,O=C(c1ccncc1)NN
330,CC[C@H](C)n1ncn(-c2ccc(N3CCN(c4ccc(OC[C@@H]5CO[C@@](Cn6cncn6)(c6ccc(Cl)cc6Cl)O5)cc4)CC3)cc2)c1=O,C(n1cncn1)[C@@]1(c2c(Cl)cc(Cl)cc2)OC[C@@H](COc2ccc(N3CCN(c4ccc(-n5c(=O)n([C@@H](C)CC)nc5)cc4)CC3)cc2)O1
331,Nc1ccc(O)c(C(=O)O)c1,c1(N)cc(C(=O)O)c(O)cc1
332,CCC(=O)C(C[C@H](C)N(C)C)(c1ccccc1)c1ccccc1,c1cccc(C(c2ccccc2)(C[C@H](C)N(C)C)C(CC)=O)c1
333,COc1cccc(C[C@H](C)N)c1,C[C@H](N)Cc1cc(OC)ccc1
334,COC(=O)[C@H](c1ccccc1)[C@@H]1CCCCN1,COC([C@@H]([C@@H]1CCCCN1)c1ccccc1)=O
335,NC(=O)CS(=O)C(c1ccccc1)c1ccccc1,c1(C(S(=O)CC(N)=O)c2ccccc2)ccccc1
336,COc1ccc2cc(CCC(C)=O)ccc2c1,O=C(C)CCc1ccc2c(ccc(OC)c2)c1
337,COc1ccc2[nH]c(S(=O)Cc3ncc(C)c(OC)c3C)nc2c1,Cc1c(OC)c(C)cnc1CS(c1nc2c(ccc(OC)c2)[nH]1)=O
338,CC(C)NC[C@@H]1CCc2cc(CO)c([N+](=O)[O-])cc2N1,C(C)(C)NC[C@H]1Nc2c(cc(CO)c([N+](=O)[O-])c2)CC1
339,CCCN[C@@H]1CCc2nc(N)sc2C1,s1c2c(nc1N)CC[C@@H](NCCC)C2
340,C=C[C@@H]1CN2CC[C@@H]1C[C@@H]2[C@@H](O)c1ccnc2ccc(OC)cc12,C1N2C[C@@H](C=C)[C@@H](C[C@@H]2[C@H](c2ccnc3ccc(OC)cc23)O)C1
341,Cc1cc2nc3c(=O)[nH]c(=O)nc-3n(C[C@@H](O)[C@H](O)[C@H](O)CO)c2cc1C,c1(=O)c2nc3cc(C)c(C)cc3n(C[C@H]([C@H](O)[C@H](O)CO)O)c-2nc(=O)[nH]1
342,CN(C/C=C/C#CC(C)(C)C)Cc1cccc2ccccc12,c1cc2c(cc1)cccc2CN(C/C=C/C#CC(C)(C)C)C
343,Clc1ccccc1CN1CCc2sccc2C1,c1(CN2Cc3ccsc3CC2)ccccc1Cl
344,C[C@@H](CN(C)C)CN1c2ccccc2Sc2ccccc21,CN(C)C[C@H](C)CN1c2c(cccc2)Sc2ccccc21
345,C[C@@H](CN(C)C)CN1c2ccccc2CCc2ccccc21,c1cc2c(cc1)N(C[C@@H](C)CN(C)C)c1c(cccc1)CC2
346,CC(=CCO)/C=C/C=C(C)\C=C\C1=C(C)CCCC1(C)C,C(C)(/C=C/C1=C(C)CCCC1(C)C)=C/C=C/C(=CCO)C
347,COc1ccc(CCN(C)CCCN2CCc3cc(OC)c(OC)cc3CC2=O)cc1OC,O(c1cc2c(cc1OC)CC(=O)N(CCCN(C)CCc1cc(OC)c(OC)cc1)CC2)C
348,N=C(N)N/N=C/c1c(Cl)cccc1Cl,N(\NC(N)=N)=C/c1c(Cl)cccc1Cl
349,O[C@@H](c1cc(C(F)(F)F)nc2c(C(F)(F)F)cccc12)[C@@H]1CCCCN1,C1CCC[C@@H]([C@H](c2cc(C(F)(F)F)nc3c2cccc3C(F)(F)F)O)N1
350,COc1ccccc1N1CCN(CCCNc2cc(=O)n(C)c(=O)n2C)CC1,c1cccc(OC)c1N1CCN(CCCNc2cc(=O)n(C)c(=O)n2C)CC1
351,CCN1CC[C@]23[C@@H]4C=C[C@H](O)[C@@H]2OC2=C(O)C=C[C@H](C[C@@H]41)[C@@H]23,[C@@H]12[C@H]3C=C[C@H](O)[C@@H]4OC5=C(O)C=C[C@H](C1)[C@@H]5[C@]43CCN2CC
352,COc1ccnc(CS(=O)c2nc3cc(OC(F)F)ccc3[nH]2)c1OC,c1c2[nH]c(S(=O)Cc3c(OC)c(OC)ccn3)nc2cc(OC(F)F)c1
353,CC(C)C[C@@H](N(C)C)C1(c2ccc(Cl)cc2)CCC1,CN(C)[C@H](CC(C)C)C1(c2ccc(Cl)cc2)CCC1
354,Cc1ccc(O)c([C@@H](CCN(C(C)C)C(C)C)c2ccccc2)c1,c1(C)ccc(O)c([C@@H](CCN(C(C)C)C(C)C)c2ccccc2)c1
355,CCC1(c2ccccc2)C(=O)NCNC1=O,N1CNC(=O)C(c2ccccc2)(CC)C1=O
356,CN(C)CCc1c[nH]c2ccc(CS(=O)(=O)N3CCCC3)cc12,N(C)(C)CCc1c[nH]c2ccc(CS(=O)(=O)N3CCCC3)cc12
357,O=C(O)[C@@H]1C(=CCO)O[C@H]2CC(=O)N12,C1(=O)C[C@@H]2OC(=CCO)[C@@H](C(O)=O)N12
358,CC(=O)N1CCN(c2ccc(OC[C@@H]3CO[C@@](Cn4ccnc4)(c4ccc(Cl)cc4Cl)O3)cc2)CC1,c1nccn1C[C@@]1(c2ccc(Cl)cc2Cl)OC[C@@H](COc2ccc(N3CCN(C(=O)C)CC3)cc2)O1
359,O=S(=O)(O)CC[S],C(CS(=O)(O)=O)[S]
360,CCOC(=O)C1=C[C@H](OC(CC)CC)[C@H](NC(C)=O)[C@@H](N)C1,N[C@H]1CC(C(=O)OCC)=C[C@H](OC(CC)CC)[C@@H]1NC(=O)C
361,CCc1oc2ccccc2c1C(=O)c1cc(Br)c(O)c(Br)c1,c12ccccc1oc(CC)c2C(c1cc(Br)c(O)c(Br)c1)=O
362,OCCOCCN1CCN(C2=Nc3ccccc3Sc3ccccc32)CC1,c1cc2c(cc1)N=C(N1CCN(CCOCCO)CC1)c1c(cccc1)S2
363,CO/N=C(\C(=O)N[C@@H]1C(=O)N2C(C(=O)O)=CCS[C@@H]12)c1csc(N)n1,N(\OC)=C(/c1nc(N)sc1)C(=O)N[C@@H]1C(=O)N2C(C(O)=O)=CCS[C@@H]12
364,N[C@H]1CONC1=O,C1[C@H](N)C(=O)NO1
365,Cc1cccc(C)c1NC(=O)NCCCNC(C)C,c1(NC(=O)NCCCNC(C)C)c(C)cccc1C
366,O=C1CN2Cc3c(ccc(Cl)c3Cl)N=C2N1,c1(Cl)ccc2c(c1Cl)CN1C(=N2)NC(=O)C1
367,N[C@H](CO)C(=O)NNCc1ccc(O)c(O)c1O,C(c1ccc(O)c(O)c1O)NNC(=O)[C@@H](CO)N
368,CN(Cc1cc(Br)cc(Br)c1N)C1CCCCC1,c1c(Br)cc(CN(C)C2CCCCC2)c(N)c1Br
369,CCc1cccc2c1N[C@@H]1[C@H]2CCOC1(CC(=O)O)CC(=O)O,O=C(CC1(CC(O)=O)OCC[C@@H]2[C@H]1Nc1c(CC)cccc12)O
370,CC(=O)OCC(CCn1cnc2cnc(N)nc21)COC(C)=O,Nc1ncc2c(n(CCC(COC(C)=O)COC(C)=O)cn2)n1
371,Cc1cc(C(=O)NNCc2ccccc2)no1,c1c(C)onc1C(=O)NNCc1ccccc1
372,CN1CCN2c3ccccc3Cc3ccccc3[C@H]2C1,N1(C)C[C@H]2N(CC1)c1c(cccc1)Cc1ccccc12
373,CC(=O)Oc1cc(C(C)C)c(OCCN(C)C)cc1C,CC(C)c1c(OCCN(C)C)cc(C)c(OC(C)=O)c1
374,O=c1[nH]c2ccccc2n1C1CCN(CCC(c2ccc(F)cc2)c2ccc(F)cc2)CC1,C(C(c1ccc(F)cc1)c1ccc(F)cc1)CN1CCC(n2c(=O)[nH]c3ccccc32)CC1
375,CCC(=O)O[C@@]1(CCN(C)CCCc2nc3ccccc3[nH]2)CCc2cc(F)ccc2[C@@H]1C(C)C,c1c2c([nH]c(CCCN(C)CC[C@]3(OC(CC)=O)CCc4cc(F)ccc4[C@@H]3C(C)C)n2)ccc1
376,NS(=O)(=O)c1cc2c(cc1C(F)(F)F)NCNS2(=O)=O,NS(=O)(=O)c1c(C(F)(F)F)cc2c(c1)S(=O)(=O)NCN2
377,CNS(=O)(=O)Cc1ccc2[nH]cc(CCN(C)C)c2c1,O=S(Cc1ccc2[nH]cc(CCN(C)C)c2c1)(=O)NC
378,COc1ccc2c(C(=S)N(C)CC(=O)O)ccc(C(F)(F)F)c2c1,c1(OC)cc2c(c(C(=S)N(CC(=O)O)C)ccc2C(F)(F)F)cc1
379,NS(=O)(=O)c1cc([C@@]2(O)NC(=O)c3ccccc32)ccc1Cl,c1cccc2c1[C@@](O)(c1ccc(Cl)c(S(=O)(N)=O)c1)NC2=O
380,CC(C)(C)NC[C@@H](O)c1cc(O)cc(O)c1,Oc1cc([C@H](O)CNC(C)(C)C)cc(O)c1
381,O=C(O)c1cc(N=Nc2ccc(S(=O)(=O)Nc3ccccn3)cc2)ccc1O,c1cccnc1NS(c1ccc(N=Nc2cc(C(O)=O)c(O)cc2)cc1)(=O)=O
382,NS(=O)(=O)c1cc(Cl)cc(NCc2ccco2)c1C(=O)O,O=S(=O)(N)c1cc(Cl)cc(NCc2occc2)c1C(=O)O
383,C[C@@H](Cc1ccc(O)cc1)N[C@@H](O)Cc1cc(O)cc(O)c1,c1(O)cc(C[C@H](O)N[C@H](Cc2ccc(O)cc2)C)cc(O)c1
384,CC[C@@H](C)[C@H]1[C@H](C)[C@H]2C[C@]3(C[C@@H]4C[C@H](C/C=C(/C)[C@@H](O[C@@H]5C[C@@H](OC)[C@@H](O[C@H]6C[C@@H](OC)[C@@H](O)[C@H](C)O6)[C@H](C)O5)[C@@H](C)C=CC=C5CO[C@@H]6[C@@H](O)C(C)=C[C@H](C(=O)O4)[C@]56O)O3)O[C@H]21,C1(=O)O[C@@H]2C[C@@]3(O[C@@H]4[C@@H]([C@@H](C)[C@@H]4[C@H](C)CC)C3)O[C@H](C2)C/C=C(/C)[C@@H](O[C@H]2O[C@@H](C)[C@H](O[C@H]3C[C@@H](OC)[C@@H](O)[C@H](C)O3)[C@H](OC)C2)[C@@H](C)C=CC=C2CO[C@@H]3[C@@H](O)C(C)=C[C@H]1[C@]23O
385,COc1ccc2c3c1O[C@@H]1C(=O)CC[C@]4(O)[C@H](C2)N(C)CC[C@@]314,[C@H]12Cc3ccc(OC)c4c3[C@]3([C@]1(O)CCC(=O)[C@H]3O4)CCN2C
386,CC(C)(C)NC[C@@H](O)c1ccc(O)c(CO)n1,C(NC(C)(C)C)[C@H](c1ccc(O)c(CO)n1)O
387,CCOC(=O)[C@@H](CCc1ccccc1)N[C@H](C)C(=O)N1[C@H](C(=O)O)C[C@@H]2CCC[C@@H]21,OC([C@H]1N(C(=O)[C@@H](C)N[C@@H](C(=O)OCC)CCc2ccccc2)[C@@H]2[C@@H](CCC2)C1)=O
388,O=C1Cc2cc(CCN3CCN(c4nsc5ccccc45)CC3)c(Cl)cc2N1,N1(CCc2c(Cl)cc3c(c2)CC(=O)N3)CCN(c2c3ccccc3sn2)CC1
389,CCOC(=O)[C@H](CCc1ccccc1)N[C@@H]1CCCN2CCC[C@@H](C(=O)O)N2C1=O,C1CC[C@@H](N[C@H](C(=O)OCC)CCc2ccccc2)C(=O)N2N1CCC[C@H]2C(=O)O
390,OCCN(CCO)c1nc(N2CCCCC2)c2nc(N(CCO)CCO)nc(N3CCCCC3)c2n1,OCCN(CCO)c1nc(N2CCCCC2)c2nc(N(CCO)CCO)nc(N3CCCCC3)c2n1
391,CN(C)[C@H]1C(O)=C(C(N)=O)C(=O)[C@@]2(O)C(=O)C3=C(O)c4c(O)cccc4[C@@](C)(O)[C@@H]3[C@H](O)[C@@H]12,CN(C)[C@H]1C(O)=C(C(N)=O)C(=O)[C@@]2(O)C(=O)C3=C(O)c4c(cccc4O)[C@](O)(C)[C@@H]3[C@H](O)[C@H]21
392,NCCC[C@](N)(C(=O)O)C(F)F,O=C(O)[C@@](C(F)F)(N)CCCN
393,CCCCC(=O)N(Cc1ccc(-c2ccccc2-c2nnn[nH]2)cc1)[C@H](C(=O)O)C(C)C,[nH]1c(-c2c(-c3ccc(CN([C@H](C(O)=O)C(C)C)C(=O)CCCC)cc3)cccc2)nnn1
394,CN(C)C(=N)NC(=N)N,N=C(NC(N)=N)N(C)C
395,CC(C)NC[C@H](O)COc1ccc(CC(N)=O)cc1,c1c(CC(N)=O)ccc(OC[C@H](CNC(C)C)O)c1
396,COCC1=C(C(=O)O[C@H](C)OC(=O)OC(C)C)N2C(=O)[C@H](NC(=O)C(=NOC)c3csc(N)n3)[C@@H]2SC1,O([C@@H](C)OC(=O)C1=C(COC)CS[C@@H]2N1C(=O)[C@@H]2NC(C(=NOC)c1csc(N)n1)=O)C(=O)OC(C)C
397,N=C(N)NC[C@@H]1COc2ccccc2O1,c1ccc2c(c1)OC[C@@H](CNC(N)=N)O2
398,CCOC(=O)[C@@H](CCc1ccccc1)N[C@H](C)C(=O)N1[C@H](C(=O)O)C[C@@H]2CCCC[C@@H]21,C(C)OC([C@H](N[C@@H](C(N1[C@H]2CCCC[C@H]2C[C@H]1C(=O)O)=O)C)CCc1ccccc1)=O
399,Oc1ccc([C@H](O)[C@@H]2CCCCN2)cc1O,C1CC[C@@H]([C@@H](O)c2ccc(O)c(O)c2)NC1
400,C=C[C@@]12CC[C@@H](O[C@H]3C[C@@H](OC)[C@@H](O)[C@H](C)O3)C[C@]1(O)CC[C@@H]1[C@@H]2CC[C@]2(C)[C@H](C3=CC(=O)OC3)CC[C@@]12O,C1[C@]2(O)[C@@](C)([C@H](C3=CC(=O)OC3)C1)CC[C@@H]1[C@@]3(C=C)[C@](O)(C[C@H](O[C@H]4C[C@@H](OC)[C@@H](O)[C@H](C)O4)CC3)CC[C@@H]21
401,CC(C)NC[C@@H](O)c1cc(O)cc(O)c1,c1c(O)cc(O)cc1[C@@H](CNC(C)C)O
402,NC(N)=Nc1nc(CSCCC(N)=NS(N)(=O)=O)cs1,C(SCc1csc(N=C(N)N)n1)CC(N)=NS(=O)(N)=O
403,CCN1CC[C@H](CNC(=O)c2cc(S(N)(=O)=O)ccc2OC)C1,O=S(N)(=O)c1ccc(OC)c(C(=O)NC[C@@H]2CN(CC)CC2)c1
404,CN1C[C@@H](C(=O)N[C@]2(C)O[C@@]3(O)[C@@H]4CCCN4C(=O)[C@@H](Cc4ccccc4)N3C2=O)C[C@@H]2c3cccc4[nH]cc(c34)C[C@@H]21,O=C([C@@H]1CN(C)[C@H]2Cc3c[nH]c4cccc(c43)[C@H]2C1)N[C@@]1(C)C(=O)N2[C@H](Cc3ccccc3)C(=O)N3CCC[C@H]3[C@]2(O)O1
405,N=c1nc2n(cc1F)[C@H]1O[C@@H](CO)[C@H](O)[C@H]1O2,Fc1cn2c(nc1=N)O[C@H]1[C@@H]2O[C@@H](CO)[C@@H]1O
406,CC(C)(C)NC[C@H](O)COc1cccc2c1C[C@H](O)[C@@H](O)C2,C([C@H](O)COc1c2c(ccc1)C[C@H](O)[C@@H](O)C2)NC(C)(C)C
407,O=CN(O)CCCP(=O)(O)O,OP(O)(CCCN(O)C=O)=O
408,CCC[C@@H]1C[C@H](C(=O)N[C@H]([C@@H]2O[C@@H](SC)[C@@H](O)[C@@H](O)[C@@H]2O)[C@H](C)O)N(C)C1,CS[C@H]1[C@@H](O)[C@@H](O)[C@H](O)[C@H]([C@@H](NC([C@H]2C[C@@H](CCC)CN2C)=O)[C@H](C)O)O1
409,CC#Cc1cn([C@@H]2O[C@H](CO)[C@@H](O)[C@H]2O)c(=O)[nH]c1=O,O1[C@H](CO)[C@@H](O)[C@@H](O)[C@@H]1n1cc(C#CC)c(=O)[nH]c1=O
410,O=C(O)[C@H](CCc1ccccc1)N[C@@H]1CCCN2CCC[C@@H](C(=O)O)N2C1=O,C1[C@@H](C(=O)O)N2C(=O)[C@H](N[C@@H](CCc3ccccc3)C(=O)O)CCCN2CC1
411,CC(=O)NCCCS(=O)(=O)O,OS(=O)(=O)CCCNC(=O)C
412,CO[C@@]1(NC(=O)CSCC#N)C(=O)N2C(C(=O)O)=C(CSc3nnnn3C)CS[C@H]21,n1nnn(C)c1SCC1=C(C(O)=O)N2[C@H]([C@](OC)(NC(CSCC#N)=O)C2=O)SC1
413,N#C[C@H](O[C@@H]1O[C@@H](CO[C@@H]2O[C@@H](CO)[C@@H](O)[C@H](O)[C@@H]2O)[C@@H](O)[C@H](O)[C@@H]1O)c1ccccc1,c1ccccc1[C@@H](O[C@@H]1O[C@@H](CO[C@@H]2O[C@@H](CO)[C@@H](O)[C@H](O)[C@@H]2O)[C@@H](O)[C@H](O)[C@@H]1O)C#N
414,C=C(N[C@@H]1C(=O)N2C(C(=O)O)=C(COC(C)=O)CS[C@@H]12)C(=NOC)c1csc(N)n1,C(C1=C(C(=O)O)N2[C@H]([C@H](NC(C(=NOC)c3csc(N)n3)=C)C2=O)SC1)OC(=O)C
415,N=C(NCCCCNC(=N)NC(=N)Nc1ccc(Cl)cc1)NC(=N)Nc1ccc(Cl)cc1,N=C(NC(=N)Nc1ccc(Cl)cc1)NCCCCNC(NC(=N)Nc1ccc(Cl)cc1)=N
416,CC(=O)Nc1c(I)c(NC(C)=O)c(I)c(C(=O)O)c1I,CC(=O)Nc1c(I)c(C(=O)O)c(I)c(NC(C)=O)c1I
417,O=C(O)CN(CCN(CC(=O)O)CC(=O)O)CC(=O)O,C(CN(CCN(CC(=O)O)CC(O)=O)CC(O)=O)(=O)O
418,CC(O)(P(=O)(O)O)P(=O)(O)O,OP(C(C)(O)P(O)(=O)O)(O)=O
419,C[C@H](O)[C@@H]1C(=O)N2C(C(=O)O)=C(SCC/N=C/N)C[C@@H]12,C(CSC1=C(C(=O)O)N2[C@@H](C1)[C@H]([C@H](C)O)C2=O)/N=C/N
420,CC(=O)N(C[C@H](O)CO)c1c(I)c(C(=O)NC[C@H](O)CO)c(I)c(C(=O)NC[C@H](O)CO)c1I,c1(I)c(C(NC[C@@H](CO)O)=O)c(I)c(N(C[C@H](O)CO)C(=O)C)c(I)c1C(=O)NC[C@@H](CO)O
421,O=C(COCCOCCOCC(=O)Nc1c(I)cc(I)c(C(=O)O)c1I)Nc1c(I)cc(I)c(C(=O)O)c1I,Ic1c(NC(=O)COCCOCCOCC(=O)Nc2c(I)c(C(=O)O)c(I)cc2I)c(I)cc(I)c1C(=O)O
422,O=C1c2c(O)ccc(O)c2C(=O)c2c(NCCNCCO)ccc(NCCNCCO)c21,C(CO)NCCNc1ccc(NCCNCCO)c2c1C(=O)c1c(c(O)ccc1O)C2=O
423,COc1cc2c(cc1OC)CN(C(=O)[C@@H](C)N[C@H](CCc1ccccc1)C(=O)O)[C@@H](C(=O)O)C2,c1cccc(CC[C@@H](N[C@@H](C(N2[C@@H](C(=O)O)Cc3cc(OC)c(OC)cc3C2)=O)C)C(=O)O)c1
424,NCCC(O)(P(=O)(O)O)P(=O)(O)O,NCCC(P(O)(O)=O)(O)P(=O)(O)O
425,O=C(O)c1ccccc1C(=O)Nc1ccc(S(=O)(=O)Nc2nccs2)cc1,c1cc(NC(=O)c2ccccc2C(O)=O)ccc1S(=O)(Nc1sccn1)=O
426,O=C(O)CCC(=O)Nc1ccc(S(=O)(=O)Nc2nccs2)cc1,c1cc(NC(=O)CCC(O)=O)ccc1S(=O)(Nc1sccn1)=O
427,CC1(C)[C@H](C(=O)O)N2C(=O)C[C@@H]2S1(=O)=O,C1(C)(C)[C@H](C(O)=O)N2[C@@H](S1(=O)=O)CC2=O
428,CC1(C)S[C@H]2[C@@H](NC(=O)[C@@H](C(=O)O)c3ccsc3)C(=O)N2[C@@H]1C(=O)O,[C@@H]1(NC([C@H](c2cscc2)C(=O)O)=O)[C@H]2N(C1=O)[C@H](C(=O)O)C(C)(C)S2
429,C[C@H]1[C@@H](O)[C@H](C)C=CC=CC=CC=CC=CC=CC=C[C@](O)(O[C@@H]2O[C@@H](C)[C@@H](O)[C@H](N)[C@@H]2O)C[C@@H]2O[C@@](O)(C[C@@H](O)C[C@@H](O)[C@H](O)CC[C@@H](O)C[C@@H](O)CC(=O)O[C@H]1C)C[C@@H](O)[C@H]2C(=O)O,O([C@@]1(O)C=CC=CC=CC=CC=CC=CC=C[C@@H](C)[C@H](O)[C@H](C)[C@H](C)OC(=O)C[C@H](O)C[C@H](O)CC[C@@H](O)[C@H](O)C[C@H](O)C[C@]2(O)O[C@H]([C@H](C(=O)O)[C@H](O)C2)C1)[C@H]1[C@@H](O)[C@@H](N)[C@H](O)[C@H](C)O1
430,O=P(O)(O)C(Cl)(Cl)P(=O)(O)O,O=P(O)(O)C(Cl)(P(=O)(O)O)Cl
431,CCCc1c2oc(C(=O)O)cc(=O)c2cc2c(=O)cc(C(=O)O)n(CC)c12,C(c1n(CC)c2c(cc3c(c2CCC)oc(C(O)=O)cc3=O)c(=O)c1)(=O)O
432,NC[C@@H]1O[C@@H](O[C@@H]2[C@H](O[C@@H]3O[C@H](CO)[C@H](OC[C@@H]4O[C@@H](CN)[C@@H](O)[C@@H](O)[C@@H]4N)[C@H]3O)[C@@H](O)[C@@H](N)C[C@@H]2N)[C@@H](N)[C@H](O)[C@@H]1O,[C@@H]1(O[C@H]2[C@H](O)[C@@H](OC[C@@H]3O[C@@H](CN)[C@@H](O)[C@@H](O)[C@@H]3N)[C@@H](CO)O2)[C@@H](O)[C@@H](N)C[C@H](N)[C@@H]1O[C@@H]1O[C@@H](CN)[C@@H](O)[C@@H](O)[C@@H]1N
433,C[C@@H]1O[C@@H](O[C@H]2[C@@H](O)[C@H](O)[C@H](O[C@H]3[C@@H](O)[C@H](O)[C@@H](O)O[C@@H]3CO)O[C@@H]2CO)[C@@H](O)[C@@H](O)[C@@H]1N[C@@H]1C=C(CO)[C@H](O)[C@H](O)[C@H]1O,O1[C@H](CO)[C@@H](O[C@@H]2O[C@H](CO)[C@@H](O[C@H]3[C@@H](O)[C@@H](O)[C@H](N[C@@H]4C=C(CO)[C@H](O)[C@H](O)[C@H]4O)[C@H](C)O3)[C@@H](O)[C@@H]2O)[C@@H](O)[C@H](O)[C@H]1O
434,NCCCC(O)(P(=O)(O)O)P(=O)(O)O,OP(C(CCCN)(O)P(O)(O)=O)(=O)O
435,C[C@@H]1[C@@H](NC(=O)/C(=N\OC(C)(C)C(=O)O)c2csc(N)n2)C(=O)N1S(=O)(=O)O,c1(/C(=N/OC(C)(C(=O)O)C)C(=O)N[C@@H]2[C@@H](C)N(S(=O)(O)=O)C2=O)csc(N)n1
436,CON=C(C(=O)N[C@H]1C(=O)N2C(C(=O)O)=C(CSc3nc(=O)c(O)nn3C)CS[C@@H]12)c1csc(N)n1,C1(=O)[C@H](NC(=O)C(c2csc(N)n2)=NOC)[C@H]2N1C(C(=O)O)=C(CSc1nc(=O)c(O)nn1C)CS2
437,OC[C@@H]1O[C@@H](O[C@@H]2[C@H](CO)O[C@@](O)(CO)[C@H]2O)[C@@H](O)[C@@H](O)[C@@H]1O,[C@H]1(O)[C@H](O)[C@H](O)[C@H](O[C@H]2[C@H](O)[C@@](CO)(O)O[C@H]2CO)O[C@H]1CO
438,O=P(O)(O)C(O)(Cc1cccnc1)P(=O)(O)O,OP(=O)(C(O)(Cc1cccnc1)P(=O)(O)O)O
439,CN[C@@H]1[C@H](O[C@H]2[C@@H](O[C@H]3[C@@H](O)[C@@H](O)[C@@H](NC(=N)N)[C@@H](O)[C@@H]3NC(=N)N)O[C@@H](C)[C@@]2(O)C=O)O[C@@H](CO)[C@@H](O)[C@H]1O,C[C@@H]1O[C@H](O[C@H]2[C@@H](O)[C@@H](O)[C@@H](NC(N)=N)[C@@H](O)[C@@H]2NC(N)=N)[C@H](O[C@H]2[C@@H](NC)[C@H](O)[C@H](O)[C@H](CO)O2)[C@]1(O)C=O
440,NCC[C@@H](O)C(=O)N[C@@H]1C[C@H](N)[C@H](O[C@@H]2O[C@@H](CN)CC[C@@H]2N)[C@H](O)[C@@H]1O[C@@H]1O[C@@H](CO)[C@@H](O)[C@H](N)[C@@H]1O,C(C[C@@H](O)C(N[C@H]1[C@@H](O[C@H]2[C@@H](O)[C@@H](N)[C@H](O)[C@H](CO)O2)[C@@H](O)[C@@H](O[C@@H]2O[C@@H](CN)CC[C@@H]2N)[C@@H](N)C1)=O)N
441,N=C(N)c1ccc(OCCCCCOc2ccc(C(=N)N)cc2)cc1,c1(OCCCCCOc2ccc(C(=N)N)cc2)ccc(C(=N)N)cc1
442,OC[C@@H]1O[C@@H](OC[C@@H]2O[C@@H](O[C@]3(CO)O[C@@H](CO)[C@H](O)[C@@H]3O)[C@@H](O)[C@@H](O)[C@@H]2O)[C@@H](O)[C@@H](O)[C@@H]1O,[C@@H]1(CO)O[C@@H](OC[C@@H]2O[C@@H](O[C@]3(CO)O[C@@H](CO)[C@H](O)[C@@H]3O)[C@@H](O)[C@@H](O)[C@@H]2O)[C@@H](O)[C@@H](O)[C@@H]1O
443,CN(N=O)C(=O)N[C@@H]1[C@H](O)[C@H](O)[C@H](CO)O[C@@H]1O,N(C(N[C@@H]1[C@H](O)[C@H](O)[C@H](CO)O[C@@H]1O)=O)(C)N=O
444,NC[C@@H]1O[C@@H](O[C@H]2[C@H](O)[C@@H](O[C@@H]3O[C@@H](CO)[C@@H](O)[C@H](N)[C@@H]3O)[C@@H](N)C[C@@H]2N)[C@@H](N)C[C@@H]1O,O[C@H]1C[C@H](N)[C@H](O[C@H]2[C@H](O)[C@@H](O[C@H]3[C@@H](O)[C@@H](N)[C@H](O)[C@H](CO)O3)[C@@H](N)C[C@@H]2N)O[C@H]1CN
445,CN[C@H](CC(C)C)C(=O)N[C@@H]1C(=O)N[C@H](CC(N)=O)C(=O)N[C@H]2C(=O)N[C@@H]3C(=O)N[C@H](C(=O)N[C@@H](C(=O)O)c4cc(O)cc(O)c4-c4cc3ccc4O)[C@H](O)c3ccc(c(Cl)c3)Oc3cc2cc(c3O[C@@H]2O[C@@H](CO)[C@@H](O)[C@H](O)[C@H]2O[C@@H]2C[C@@](C)(N)[C@H](O)[C@H](C)O2)Oc2ccc(cc2Cl)[C@@H]1O,c1(O)cc(O)cc2c1-c1c(O)ccc(c1)[C@@H]1NC(=O)[C@H]3c4cc(c(O[C@H]5[C@H](O[C@@H]6C[C@](N)(C)[C@H](O)[C@H](C)O6)[C@@H](O)[C@H](O)[C@H](CO)O5)c(c4)Oc4c(Cl)cc(cc4)[C@H](O)[C@H](NC(=O)[C@H](NC)CC(C)C)C(=O)N[C@H](CC(N)=O)C(=O)N3)Oc3ccc(cc3Cl)[C@@H](O)[C@@H](C(=O)N[C@H]2C(=O)O)NC1=O
446,CC1(C)S[C@H]2[C@@H](NC(=O)[C@@H](NC(=O)N3CCNC3=O)c3ccccc3)C(=O)N2[C@@H]1C(=O)O,N([C@@H]1[C@H]2N([C@H](C(O)=O)C(C)(C)S2)C1=O)C([C@H](c1ccccc1)NC(=O)N1CCNC1=O)=O
447,CON=C(C(=O)N[C@H]1C(=O)N2C(C(=O)O)=C(CSc3nc(C)c(CC(=O)O)s3)CS[C@@H]12)c1csc(N)n1,N(=C(C(=O)N[C@@H]1[C@H]2N(C1=O)C(C(=O)O)=C(CSc1nc(C)c(CC(O)=O)s1)CS2)c1csc(N)n1)OC
448,CN[C@@H](C)[C@H]1CC[C@H](N)[C@H](O[C@@H]2[C@H](O)[C@@H](O[C@@H]3OC[C@@](C)(O)[C@@H](NC)[C@@H]3O)[C@@H](N)C[C@@H]2N)O1,[C@H]1(N)CC[C@H]([C@@H](NC)C)O[C@H]1O[C@H]1[C@@H](N)C[C@H](N)[C@H](O[C@@H]2OC[C@](O)(C)[C@@H](NC)[C@@H]2O)[C@H]1O
449,CC[C@@H]1CC[C@H](N)[C@H](O[C@H]2[C@H](O)[C@@H](O[C@@H]3OC[C@@](C)(O)[C@H](NC)[C@@H]3O)[C@@H](N)C[C@@H]2N)O1,[C@]1(C)(O)CO[C@@H](O[C@@H]2[C@@H](O)[C@H](O[C@H]3[C@@H](N)CC[C@@H](CC)O3)[C@@H](N)C[C@@H]2N)[C@@H](O)[C@H]1NC
450,NNC(=O)NNN1C(=O)c2cc(S(=O)(=O)O)cc3c(N)c(S(=O)(=O)O)cc(c23)C1=O,S(=O)(=O)(O)c1cc2c3c(cc(S(O)(=O)=O)c2N)C(=O)N(NNC(=O)NN)C(=O)c3c1
451,C[C@H](O)[C@H]1C(=O)N2C(C(=O)O)=C(S[C@@H]3CC[C@H](C(=O)N(C)C)N3)[C@@H](C)[C@H]12,C1(S[C@H]2N[C@@H](C(N(C)C)=O)CC2)=C(C(O)=O)N2C(=O)[C@H]([C@@H](O)C)[C@H]2[C@@H]1C
452,CC1(C)S[C@H]2[C@@H](NC(=O)[C@@H](NC(=O)N3CCN(S(C)(=O)=O)C3=O)c3ccccc3)C(=O)N2[C@@H]1C(=O)O,c1ccc([C@@H](C(=O)N[C@@H]2[C@@H]3SC(C)(C)[C@@H](C(O)=O)N3C2=O)NC(=O)N2CCN(S(=O)(C)=O)C2=O)cc1
453,CCN[C@@H]1C[C@H](N)[C@H](O[C@@H]2C[C@@H](N)C=C(CN)O2)[C@H](O)[C@@H]1O[C@@H]1OC[C@@](C)(O)[C@@H](NC)[C@@H]1O,[C@@]1(C)(O)[C@@H](NC)[C@H](O)[C@H](O[C@@H]2[C@H](NCC)C[C@H](N)[C@H](O[C@@H]3C[C@@H](N)C=C(CN)O3)[C@@H]2O)OC1
454,C=CC[N@+]12CC[C@]34c5ccccc5N5C=C6[C@H]7C[C@H]8[C@]9(CC[N@@+]8(CC=C)C/C7=C\CO)c7ccccc7N(C=C([C@H](C[C@H]31)/C(=C/CO)C2)[C@@H]54)[C@@H]69,[C@@H]12C3=CN4[C@@H]5C(=CN6[C@@H]3[C@@]3(CC[N@@+](CC=C)(C/C1=C\CO)[C@H]3C2)c1ccccc16)[C@@H]1C[C@@H]2[C@@]5(c3ccccc34)CC[N@+]2(CC=C)C/C1=C\CO
455,COc1ccc(C[C@H]2c3cc(OC)c(OC)cc3CC[N@@+]2(C)CCC(=O)OCCCCCOC(=O)CC[N@+]2(C)CCc3cc(OC)c(OC)cc3[C@@H]2Cc2ccc(OC)c(OC)c2)cc1OC,c12cc(OC)c(OC)cc1CC[N@@+](C)(CCC(=O)OCCCCCOC(=O)CC[N@+]1(C)CCc3c(cc(OC)c(OC)c3)[C@@H]1Cc1ccc(OC)c(OC)c1)[C@H]2Cc1cc(OC)c(OC)cc1
456,C[N+](C)(CCOc1ccccc1)Cc1ccccc1,c1ccccc1C[N+](CCOc1ccccc1)(C)C
457,C[C@@H](C[N+](C)(C)C)OC(N)=O,C(N)(=O)O[C@H](C[N+](C)(C)C)C
458,CC[N+](C)(C)Cc1ccccc1Br,c1(C[N+](C)(CC)C)ccccc1Br
459,CCCC[N+]1(C)[C@@H]2C[C@@H](OC(=O)[C@@H](CO)c3ccccc3)C[C@@H]1[C@H]1O[C@H]12,c1cccc([C@H](CO)C(=O)O[C@H]2C[C@H]3[N+](CCCC)(C)[C@@H]([C@@H]4O[C@H]34)C2)c1
460,CC(=O)O[C@H](CC(=O)O)C[N+](C)(C)C,C[N+](C[C@@H](CC(=O)O)OC(=O)C)(C)C
461,CO/N=C(\C(=O)N[C@@H]1C(=O)N2C(C(=O)O)=C(C[n+]3ccccc3)CS[C@@H]12)c1csc(N)n1,N12C(C(O)=O)=C(C[n+]3ccccc3)CS[C@H]1[C@H](NC(=O)/C(c1csc(N)n1)=N\OC)C2=O
462,CC(C)(O/N=C(\C(=O)N[C@@H]1C(=O)N2C(C(=O)O)=C(C[n+]3ccccc3)CS[C@@H]12)c1csc(N)n1)C(=O)O,O=C1[C@@H](NC(=O)/C(=N\OC(C)(C(O)=O)C)c2nc(N)sc2)[C@H]2N1C(C(=O)O)=C(C[n+]1ccccc1)CS2
463,C[N+]1(C)CCC(=C(c2ccccc2)c2ccccc2)CC1,C(c1ccccc1)(c1ccccc1)=C1CC[N+](C)(C)CC1
464,CC[N+](C)(C)c1cccc(O)c1,[N+](c1cccc(O)c1)(C)(CC)C
465,CC[N+](CC)(CC)CCOc1cccc(OCC[N+](CC)(CC)CC)c1OCC[N+](CC)(CC)CC,c1c(OCC[N+](CC)(CC)CC)c(OCC[N+](CC)(CC)CC)c(OCC[N+](CC)(CC)CC)cc1
466,C[N+]1(C)CC[C@H](OC(=O)[C@@](O)(c2ccccc2)C2CCCC2)C1,c1ccc([C@@](C2CCCC2)(C(=O)O[C@H]2CC[N+](C)(C)C2)O)cc1
467,CC(C)[N+]1(C)[C@@H]2CC[C@@H]1CC(OC(=O)[C@@H](CO)c1ccccc1)C2,[C@@H](c1ccccc1)(CO)C(=O)OC1C[C@@H]2[N+](C(C)C)(C)[C@@H](C1)CC2
468,COc1cc2c(cc1OC)[C@H](Cc1cc(OC)c(OC)c(OC)c1)[N@+](C)(CCCOC(=O)CC/C=C/CCC(=O)OCCC[N@+]1(C)CCc3cc(OC)c(OC)cc3[C@@H]1Cc1cc(OC)c(OC)c(OC)c1)CC2,c1c2c(cc(OC)c1OC)CC[N@@+](C)(CCCOC(=O)CC/C=C/CCC(=O)OCCC[N@@+]1(C)[C@@H](Cc3cc(OC)c(OC)c(OC)c3)c3c(cc(OC)c(OC)c3)CC1)[C@H]2Cc1cc(OC)c(OC)c(OC)c1
469,CN(C)C(=O)Oc1cccc([N+](C)(C)C)c1,C[N+](C)(C)c1cc(OC(N(C)C)=O)ccc1
470,ON=Cc1cc[n+](COC[n+]2ccc(/C=N/O)cc2)cc1,c1cc(C=NO)cc[n+]1COC[n+]1ccc(/C=N/O)cc1
471,CC[N+]1(C)[C@@H]2C[C@@H](OC(=O)[C@@H](CO)c3ccccc3)C[C@@H]1[C@H]1O[C@H]12,C1[C@H]2[N+](C)(CC)[C@H](C[C@@H]1OC([C@@H](CO)c1ccccc1)=O)[C@H]1O[C@@H]21
472,CC(=O)O[C@@H]1[C@H]([N+]2(C)CCCCC2)C[C@@H]2[C@@H]3CC[C@@H]4C[C@@H](OC(C)=O)[C@@H]([N+]5(C)CCCCC5)C[C@]4(C)[C@@H]3CC[C@]21C,C1C[N+](C)([C@H]2[C@@H](OC(=O)C)[C@]3(C)CC[C@H]4[C@]5(C)[C@@H](C[C@@H](OC(C)=O)[C@@H]([N+]6(C)CCCCC6)C5)CC[C@H]4[C@H]3C2)CCC1
473,C[N+]1(CCCCC[N+]2(C)CCCC2)CCCC1,C1[N+](C)(CCCCC[N+]2(C)CCCC2)CCC1
474,C[N+]1(C)CCC[C@@H]1COC(=O)C(O)(c1ccccc1)c1ccccc1,c1ccc(C(O)(c2ccccc2)C(OC[C@@H]2[N+](C)(C)CCC2)=O)cc1
475,C[n+]1ccccc1/C=N/O,c1cc[n+](C)c(/C=N/O)c1
476,CC(C)[N+](C)(CCOC(=O)C1c2ccccc2Oc2ccccc21)C(C)C,O(CC[N+](C(C)C)(C(C)C)C)C(=O)C1c2ccccc2Oc2c1cccc2
477,CC[C@@H]1C[C@H](OC(=O)C(O)(c2ccccc2)c2ccccc2)C[C@H](C)[N+]12CCCC2,c1(C(c2ccccc2)(C(O[C@H]2C[C@@H](CC)[N+]3(CCCC3)[C@@H](C)C2)=O)O)ccccc1
478,COc1cc2c3cc1Oc1cc(ccc1O)C[C@@H]1c4c(cc(OC)c(O)c4Oc4ccc(cc4)C[C@@H]3[N+](C)(C)CC2)CC[N+]1(C)C,Oc1c2cc(cc1)C[C@@H]1c3c(c(O)c(OC)cc3CC[N+]1(C)C)Oc1ccc(cc1)C[C@H]1c3cc(c(OC)cc3CC[N+]1(C)C)O2
479,CC(=O)O[C@@H]1[C@H]([N+]2(C)CCCCC2)C[C@@H]2[C@@H]3CC[C@@H]4C[C@@H](OC(C)=O)[C@@H](N5CCCCC5)C[C@]4(C)[C@@H]3CC[C@]21C,C1CC[N+]([C@H]2[C@@H](OC(=O)C)[C@@]3(C)[C@@H]([C@@H]4CC[C@@H]5C[C@@H](OC(=O)C)[C@@H](N6CCCCC6)C[C@]5(C)[C@@H]4CC3)C2)(C)CC1
480,O=C(O)CCCc1ccc(N(CCCl)CCCl)cc1,C(Cc1ccc(N(CCCl)CCCl)cc1)CC(=O)O
481,C=C[C@@H]1CN2CC[C@@H]1C[C@H]2[C@@H](O)c1ccnc2ccccc12,c1c2c([C@@H]([C@H]3N4CC[C@@H]([C@H](C=C)C4)C3)O)ccnc2ccc1
482,C[C@H](CN1CCOCC1)C(C(=O)N1CCCC1)(c1ccccc1)c1ccccc1,C(N1CCCC1)(C(c1ccccc1)(c1ccccc1)[C@H](C)CN1CCOCC1)=O
483,CN(C)CCC[C@@H]1c2ccccc2COc2ccccc21,c12c(cccc1)COc1ccccc1[C@@H]2CCCN(C)C
484,Cc1ccc(-c2c(-c3ccc(S(C)(=O)=O)cc3)cc(Cl)c[n+]2[O-])cn1,c1(-c2ccc(C)nc2)[n+]([O-])cc(Cl)cc1-c1ccc(S(C)(=O)=O)cc1
485,CCN(CC)CCN1C(=O)CN=C(c2ccccc2F)c2cc(Cl)ccc21,c12cc(Cl)ccc1N(CCN(CC)CC)C(=O)CN=C2c1c(F)cccc1
486,C#C[C@@]1(O)C=C[C@@H]2[C@@H]3CCC4=CC(=O)CC[C@@H]4[C@@H]3CC[C@@]21CC,C1=C2CC[C@H]3[C@H]4C=C[C@](O)(C#C)[C@@]4(CC)CC[C@H]3[C@H]2CCC1=O
487,NC(N)=NC(=O)Cc1c(Cl)cccc1Cl,c1cc(Cl)c(CC(=O)N=C(N)N)c(Cl)c1
488,CC[C@@]1(c2ccc(N)cc2)CCC(=O)NC1=O,C(C)[C@]1(c2ccc(N)cc2)C(=O)NC(=O)CC1
489,C[C@H](C(=O)O)c1ccc(N2Cc3ccccc3C2=O)cc1,c1ccc2c(c1)CN(c1ccc([C@@H](C(O)=O)C)cc1)C2=O
490,CC1=CC(=O)N2CC(=O)N(C)c3ccc(Cl)cc3[C@]2(c2ccccc2)O1,CC1=CC(=O)N2[C@@](c3ccccc3)(O1)c1cc(Cl)ccc1N(C)C(=O)C2
491,CC(=O)NC[C@H]1CN(c2ccc(N3CCOCC3)c(F)c2)C(=O)O1,CC(NC[C@@H]1OC(=O)N(c2cc(F)c(N3CCOCC3)cc2)C1)=O
492,CN1CCC[C@@H](N2N[C@@H](Cc3ccc(Cl)cc3)c3ccccc3C2=O)CC1,c1(Cl)ccc(C[C@H]2c3ccccc3C(=O)N([C@@H]3CCCN(C)CC3)N2)cc1
493,COC(=O)Nc1nc2ccc(C(=O)c3ccccc3)cc2[nH]1,c1cc2nc(NC(OC)=O)[nH]c2cc1C(c1ccccc1)=O
494,COc1ccccc1OC[C@H](O)COC(N)=O,O(c1c(OC)cccc1)C[C@@H](COC(N)=O)O
495,CCN(CC)CCOC(=O)[C@H](Cc1ccc2ccccc2c1)C[C@H]1CCCO1,C(N(CC)CC)COC([C@H](Cc1ccc2c(cccc2)c1)C[C@@H]1OCCC1)=O
496,CNCCc1ccccn1,C(NC)Cc1ncccc1
497,CC1(C)NC(=O)N(c2ccc([N+](=O)[O-])c(C(F)(F)F)c2)C1=O,O=C1N(c2cc(C(F)(F)F)c([N+]([O-])=O)cc2)C(=O)NC1(C)C
498,C#C[C@@]1(O)CC[C@@H]2[C@@H]3CCC4=CC(=O)CC[C@@H]4[C@@H]3C=C[C@@]21CC,C1C(=O)C=C2[C@H](C1)[C@@H]1C=C[C@]3(CC)[C@@](O)(C#C)CC[C@@H]3[C@@H]1CC2
499,O=c1[nH]c2ccccc2n1CCCN1CCN(C(c2ccccc2)c2ccccc2)CC1,c1cc(C(c2ccccc2)N2CCN(CCCn3c(=O)[nH]c4ccccc43)CC2)ccc1
500,CC(C)(C)NC[C@H](O)COc1ccccc1C1CCCC1,C1CCCC1c1ccccc1OC[C@@H](O)CNC(C)(C)C
501,CCC1(c2ccccc2)C(=O)NC(=O)NC1=O,C1(=O)C(c2ccccc2)(CC)C(=O)NC(=O)N1
502,O[C@@](CCN1CCCC1)(c1ccccc1)C1CCCCC1,c1cc([C@@](CCN2CCCC2)(C2CCCCC2)O)ccc1
503,CCCN1C[C@@H](NS(=O)(=O)N(CC)CC)C[C@@H]2Cc3c(O)cccc3C[C@@H]21,C1[C@H]2[C@H](Cc3cccc(O)c3C2)N(CCC)C[C@H]1NS(=O)(=O)N(CC)CC
504,Cc1cn([C@H]2C=C[C@H](CO)O2)c(=O)nc1N,c1(=O)n([C@H]2C=C[C@H](CO)O2)cc(C)c(N)n1
505,CCOc1ccccc1OCCN[C@@H](C)Cc1ccc(OC)c(S(N)(=O)=O)c1,C(COc1c(OCC)cccc1)N[C@H](Cc1cc(S(=O)(=O)N)c(OC)cc1)C
506,COc1cc2c(cc1OC)[C@@H]1CC(=O)[C@H](CC(C)C)CN1CC2,c12cc(OC)c(OC)cc1[C@@H]1CC(=O)[C@H](CC(C)C)CN1CC2
507,O=C1CC2(CCCC2)CC(=O)N1CCCCN1CCN(c2ncccn2)CC1,C1CC2(CC1)CC(=O)N(CCCCN1CCN(c3ncccn3)CC1)C(=O)C2
508,O=c1n(CCCN2CCN(c3cccc(Cl)c3)CC2)nc2ccccn12,N1(CCCn2nc3n(cccc3)c2=O)CCN(c2cccc(Cl)c2)CC1
509,CCN(C(C)=O)c1cccc(-c2ccnc3c(C#N)cnn23)c1,c1(-c2n3c(ncc2)c(C#N)cn3)cccc(N(C(=O)C)CC)c1
510,O=C1CN=C(c2ccccc2)c2cc(Cl)ccc2N1,c1(C2=NCC(=O)Nc3ccc(Cl)cc32)ccccc1
511,COc1ccc2cc([C@H](C)C(=O)O)ccc2c1,c12cc([C@@H](C(=O)O)C)ccc1cc(OC)cc2
512,Cc1ccc(C(=O)c2ccc(CC(=O)O)n2C)cc1,Cc1ccc(C(=O)c2ccc(CC(O)=O)n2C)cc1
513,CNCCCN1c2ccccc2CCc2ccccc21,c12ccccc1N(CCCNC)c1c(cccc1)CC2
514,CN(C)CCCN1c2ccccc2CCc2ccccc21,c12c(cccc1)N(CCCN(C)C)c1c(cccc1)CC2
515,CNCCC[C@]12CC[C@H](c3ccccc31)c1ccccc12,C(NC)CC[C@]12c3c(cccc3)[C@H](c3ccccc31)CC2
516,CCCC[C@@H]1C(=O)C(=O)N(c2ccccc2)N1c1ccccc1,c1c(N2N(c3ccccc3)[C@H](CCCC)C(=O)C2=O)cccc1
517,C[C@H](C(=O)O)c1ccc([C@@H]2CCCC(=NO)C2)cc1,C1[C@@H](c2ccc([C@@H](C(O)=O)C)cc2)CC(=NO)CC1
518,O=C(O)Cc1ccccc1Nc1ccc(Cl)cc1Cl,Clc1cc(Cl)ccc1Nc1ccccc1CC(O)=O
519,COc1cc(Cc2cnc(N)nc2N)cc(OC)c1OC,c1(OC)c(OC)c(OC)cc(Cc2c(N)nc(N)nc2)c1
520,CCCCCOC(=O)Nc1nc(=O)n([C@@H]2O[C@@H](C)[C@@H](O)[C@H]2O)cc1F,c1(=O)nc(NC(OCCCCC)=O)c(F)cn1[C@@H]1O[C@@H](C)[C@@H](O)[C@H]1O
521,O=C(C1CCCCC1)N1CC(=O)N2CCc3ccccc3[C@@H]2C1,C1CC(C(=O)N2C[C@H]3c4ccccc4CCN3C(=O)C2)CCC1
522,COc1cc(C)c(/C=C/C(C)=C/C=C/C(C)=CC(=O)O)c(C)c1C,C(=C\C=C\C(C)=CC(=O)O)(C)/C=C/c1c(C)c(C)c(OC)cc1C
523,CCn1nc(C(=O)O)c(=O)c2cc3c(cc21)OCO3,O=c1c2c(n(CC)nc1C(O)=O)cc1c(c2)OCO1
524,CCCC(CCC)CCC[C@@H]1COCCN1CCO,C(CC(CCC[C@@H]1COCCN1CCO)CCC)C
525,CCNC[C@H](C)c1cccc(C(F)(F)F)c1,C(F)(F)(c1cccc([C@H](CNCC)C)c1)F
526,COc1ccc2c(c1)C(=O)N(CCc1ccc(S(=O)(=O)NC(=O)NC3CCCCC3)cc1)C(=O)C2(C)C,C(Cc1ccc(S(=O)(NC(=O)NC2CCCCC2)=O)cc1)N1C(=O)c2cc(OC)ccc2C(C)(C)C1=O
527,C[C@@H](CCc1ccccc1)NC[C@@H](O)c1ccc(O)c(C(N)=O)c1,c1cccc(CC[C@@H](NC[C@@H](O)c2cc(C(N)=O)c(O)cc2)C)c1
528,O=C1CC[C@]2(O)[C@H]3Cc4ccc(O)c5c4[C@]2(CCN3CC2CC2)[C@@H]1O5,[C@]12(O)[C@@]34c5c(c(O)ccc5C[C@H]1N(CC1CC1)CC3)O[C@@H]4C(=O)CC2
529,C=CCOc1ccccc1OC[C@@H](O)CNC(C)C,C(NC[C@H](O)COc1ccccc1OCC=C)(C)C
530,CC[C@H](c1ccccc1)c1c(O)c2ccccc2oc1=O,c12c(O)c([C@H](CC)c3ccccc3)c(=O)oc1cccc2
531,CCC(=O)O[C@@](Cc1ccccc1)(c1ccccc1)[C@@H](C)CN(C)C,c1c([C@@](Cc2ccccc2)([C@H](CN(C)C)C)OC(CC)=O)cccc1
532,CNCCCCOc1ccccc1Cc1ccccc1,C(CNC)CCOc1c(Cc2ccccc2)cccc1
533,Cc1cc(C)nc(NS(=O)(=O)c2ccc(N)cc2)n1,c1(C)cc(C)nc(NS(=O)(=O)c2ccc(N)cc2)n1
534,COc1cccc([C@@]2(O)CCCC[C@H]2CN(C)C)c1,COc1cc([C@@]2(O)CCCC[C@H]2CN(C)C)ccc1
535,C[C@@]12CCC3=C4CCC(=O)C=C4CC[C@@H]3[C@H]1CC[C@]2(O)CC#N,[C@@]1(O)(CC#N)CC[C@@H]2[C@@H]3C(=C4CCC(=O)C=C4CC3)CC[C@@]12C
536,COc1ccc2c3c1O[C@H]1[C@@H](O)C=C[C@@H]4[C@H](C2)N(C)CC[C@]341,O[C@H]1C=C[C@@H]2[C@H]3N(C)CC[C@]24c2c(ccc(OC)c2O[C@@H]14)C3
537,O=C1NS(=O)(=O)c2ccccc21,O=C1NS(=O)(=O)c2c1cccc2
538,Cc1nnc2n1-c1ccc(Cl)cc1C(c1ccccc1)=NC2,c1cc(Cl)cc2c1-n1c(nnc1C)CN=C2c1ccccc1
539,CC1=Nc2ccc(Cl)cc2S(=O)(=O)N1,S1(=O)(=O)c2cc(Cl)ccc2N=C(C)N1
540,CCc1cc(C(N)=S)ccn1,CCc1nccc(C(=S)N)c1
541,CCN(CCO)CC[C@H](C)Nc1ccnc2cc(Cl)ccc12,c12c(cc(Cl)cc1)nccc2N[C@H](CCN(CCO)CC)C
542,C[C@H]1CC(=O)NN=C1c1ccc(NN=C(C#N)C#N)cc1,c1c(C2=NNC(=O)C[C@@H]2C)ccc(NN=C(C#N)C#N)c1
543,C#C[C@@]1(O)CC[C@@H]2[C@@H]3CCc4cc(OC)ccc4[C@@H]3CC[C@@]21C,C[C@@]12[C@@](O)(C#C)CC[C@@H]1[C@H]1[C@H](c3c(cc(OC)cc3)CC1)CC2
544,COC(=O)C1=C(C)NC(C)=C(OC(C)=O)[C@H]1c1ccccc1[N+](=O)[O-],c1cc([C@H]2C(C(=O)OC)=C(C)NC(C)=C2OC(C)=O)c([N+]([O-])=O)cc1
545,C[C@@](O)(CS(=O)(=O)c1ccc(F)cc1)C(=O)Nc1ccc(C#N)c(C(F)(F)F)c1,c1(C(F)(F)F)c(C#N)ccc(NC(=O)[C@](O)(CS(c2ccc(F)cc2)(=O)=O)C)c1
546,CC(C)NC[C@H](O)COc1cccc2[nH]ccc12,c1ccc(OC[C@H](CNC(C)C)O)c2c1[nH]cc2
547,CN(C)CCc1c[nH]c2ccc(Cn3cncn3)cc12,c1cc(Cn2ncnc2)cc2c(CCN(C)C)c[nH]c12
548,CCCc1nc2c(n1Cc1ccc(-c3ccccc3C(=O)O)cc1)=C[C@H](c1nc3ccccc3n1C)CC=2C,c12n(Cc3ccc(-c4c(C(=O)O)cccc4)cc3)c(CCC)nc1=C(C)C[C@@H](c1n(C)c3ccccc3n1)C=2
549,CCCCNC(=O)NS(=O)(=O)c1ccc(C)cc1,C(=O)(NS(=O)(=O)c1ccc(C)cc1)NCCCC
550,O=C(N[C@H](CO)[C@@H](O)c1ccc([N+](=O)[O-])cc1)C(Cl)Cl,OC[C@@H](NC(=O)C(Cl)Cl)[C@H](c1ccc([N+]([O-])=O)cc1)O
551,O=C(NCCN1CCOCC1)c1ccc(Cl)cc1,C1CN(CCNC(c2ccc(Cl)cc2)=O)CCO1
552,CN1C(=O)CC(=O)N(c2ccccc2)c2cc(Cl)ccc21,c1ccc(N2c3c(ccc(Cl)c3)N(C)C(=O)CC2=O)cc1
553,CC1(C)O[C@@H]2[C@H](CO[C@]3(COS(N)(=O)=O)OC(C)(C)O[C@@H]23)O1,[C@H]12[C@@H](OC(C)(C)O1)[C@@H]1OC(C)(C)O[C@@]1(COS(=O)(=O)N)OC2
554,C[C@H](C(=O)O)c1cccc(Oc2ccccc2)c1,c1ccccc1Oc1cc([C@H](C)C(O)=O)ccc1
555,CCCOC(C(=O)OC1CCN(C)CC1)(c1ccccc1)c1ccccc1,c1(C(c2ccccc2)(OCCC)C(=O)OC2CCN(C)CC2)ccccc1
556,O=C1NC(=O)N([C@H]2O[C@@H](CO)[C@@H](O)[C@@H]2O)C[C@H]1C=CBr,BrC=C[C@H]1C(=O)NC(=O)N([C@H]2O[C@@H](CO)[C@@H](O)[C@@H]2O)C1
557,CCc1[nH]c(=O)[nH]c1C(=O)c1ccncc1,O=C(c1ccncc1)c1[nH]c(=O)[nH]c1CC
558,CN1CCC(=C2c3ccccc3C=Cc3ccccc32)CC1,c1cccc2c1C(=C1CCN(C)CC1)c1c(cccc1)C=C2
559,CC1(C)O[C@H]2C[C@H]3[C@@H]4C[C@H](F)C5=CC(=O)C=C[C@]5(C)[C@H]4[C@H](O)C[C@@]3(C)[C@@]2(C(=O)CO)O1,[C@H]12[C@@H]3C[C@H](F)C4=CC(=O)C=C[C@]4(C)[C@H]3[C@H](O)C[C@@]1(C)[C@]1(C(CO)=O)[C@@H](OC(C)(C)O1)C2
560,CCCCc1nc(Cl)c(CO)n1Cc1ccc(-c2ccccc2-c2nnn[nH]2)cc1,n1c(CCCC)n(Cc2ccc(-c3ccccc3-c3nnn[nH]3)cc2)c(CO)c1Cl
561,CC(C)(C(=O)c1cccnc1)c1cccnc1,O=C(c1cccnc1)C(C)(c1cccnc1)C
562,CN1CCC(=C2c3ccccc3CCc3sccc32)CC1,c12ccccc1C(=C1CCN(C)CC1)c1ccsc1CC2
563,CC[C@H](CO)NCCN[C@@H](CC)CO,C(O)[C@@H](CC)NCCN[C@@H](CC)CO
564,CCCc1cc(=O)[nH]c(=S)[nH]1,c1(CCC)[nH]c(=S)[nH]c(=O)c1
565,C[C@@]12CC[C@@H]3c4ccc(OC(=O)N(CCCl)CCCl)cc4CC[C@@H]3[C@H]1CC[C@@H]2O,[C@H]1(O)CC[C@H]2[C@@]1(C)CC[C@@H]1c3ccc(OC(=O)N(CCCl)CCCl)cc3CC[C@H]21
566,C#C[C@@]1(O)CC[C@H]2[C@@H]3CCC4=CCCC[C@@H]4[C@@H]3C(=C)C[C@]21CC,C(#C)[C@]1(O)[C@@]2(CC)[C@@H](CC1)[C@@H]1CCC3=CCCC[C@@H]3[C@@H]1C(=C)C2
567,CNS(=O)(=O)CCc1ccc2[nH]c(C3CCN(C)CC3)cc2c1,c1(CCS(=O)(NC)=O)cc2c([nH]c(C3CCN(C)CC3)c2)cc1
568,NS(=O)(=O)c1cc2c(cc1Cl)NCNS2(=O)=O,O=S(c1c(Cl)cc2c(c1)S(=O)(=O)NCN2)(N)=O
569,Cc1ccccc1N1C(=O)c2cc(S(N)(=O)=O)c(Cl)cc2N[C@@H]1C,Cc1ccccc1N1C(=O)c2cc(S(=O)(N)=O)c(Cl)cc2N[C@@H]1C
570,Cn1c(=O)c2c(ncn2CCCNC[C@@H](O)c2cc(O)cc(O)c2)n(C)c1=O,O=c1n(C)c(=O)c2n(CCCNC[C@H](c3cc(O)cc(O)c3)O)cnc2n1C
571,NC[C@H]1CC[C@@H](C(=O)O)CC1,NC[C@H]1CC[C@@H](C(=O)O)CC1
572,CC[C@@H]1OC(=O)[C@H](C)[C@@H](O[C@H]2C[C@@](C)(OC)[C@H](O)[C@H](C)O2)[C@H](C)[C@@H](O[C@@H]2O[C@@H](C)C[C@@H](N(C)C)[C@@H]2O)[C@](C)(O)C[C@@H](C)C(=O)[C@@H](C)[C@H](O)[C@]1(C)O,O([C@@H]1O[C@@H](C)C[C@@H](N(C)C)[C@@H]1O)[C@H]1[C@](C)(O)C[C@@H](C)C(=O)[C@@H](C)[C@H](O)[C@](C)(O)[C@H](CC)OC(=O)[C@H](C)[C@@H](O[C@H]2C[C@@](C)(OC)[C@H](O)[C@H](C)O2)[C@@H]1C
573,O=P(O)(O)C(Cc1ccc(Cl)cc1)P(=O)(O)O,OP(=O)(O)C(Cc1ccc(Cl)cc1)P(O)(O)=O
574,CC(=O)N[C@H]1[C@@H]([C@@H](O)[C@H](O)CO)OC(C(=O)O)=C[C@H]1NC(=N)N,C([C@H]([C@@H]([C@H]1OC(C(=O)O)=C[C@@H](NC(=N)N)[C@H]1NC(=O)C)O)O)O
575,CC(=O)NC[C@@H]1O[C@@H](O[C@@H]2[C@@H](O)[C@@H](O[C@@H]3O[C@@H](CO)[C@@H](O)[C@H](N)[C@@H]3O)[C@@H](N)C[C@@H]2N)[C@@H](O)[C@@H](O)[C@@H]1O,[C@H]1(O[C@H]2[C@@H](N)C[C@H](N)[C@H](O[C@H]3[C@@H](O)[C@@H](N)[C@H](O)[C@H](CO)O3)[C@@H]2O)[C@@H](O)[C@@H](O)[C@H](O)[C@H](CNC(C)=O)O1
576,NCC[C@@H](O)C(=O)N[C@@H]1C[C@H](N)[C@H](O[C@@H]2O[C@@H](CN)[C@@H](O)[C@H](O)[C@@H]2O)[C@H](O)[C@@H]1O[C@@H]1O[C@@H](CO)[C@@H](O)[C@H](N)[C@@H]1O,C(N)[C@H]1[C@@H](O)[C@H](O)[C@H](O)[C@H](O[C@@H]2[C@H](O)[C@H](O[C@H]3[C@@H](O)[C@@H](N)[C@H](O)[C@H](CO)O3)[C@H](NC([C@H](O)CCN)=O)C[C@@H]2N)O1
577,CO[C@@]1(NC(=O)[C@@H](C(=O)O)c2ccc(O)cc2)C(=O)N2C(C(=O)O)=C(CSc3nnnn3C)CO[C@H]21,CO[C@@]1(NC([C@H](c2ccc(O)cc2)C(O)=O)=O)C(=O)N2C(C(O)=O)=C(CSc3nnnn3C)CO[C@@H]12
